,passengers,distance,fare,tip,tolls,total,predicted,probability cash %,calibration isoreg probability cash %
4092,0,1.3,9.0,2.66,0.0,15.96,0,0.0,0.0
6282,1,1.4,8.5,0.0,0.0,9.8,1,99.99,88.89
3237,2,2.39,14.0,0.0,0.0,17.8,1,99.98,81.58
1891,1,1.9,10.5,2.85,0.0,17.15,0,0.0,0.0
5010,1,2.4,11.5,1.7,0.0,17.0,0,0.0,0.0
2168,1,4.33,25.5,7.2,0.0,36.0,0,0.0,0.0
5154,1,0.84,5.5,1.76,0.0,10.56,0,0.0,0.0
5202,1,2.8,17.5,4.15,0.0,24.95,0,0.0,0.0
247,1,2.75,13.0,3.46,0.0,20.76,0,0.0,0.0
198,1,0.2,3.0,0.0,0.0,7.3,1,99.99,89.55
2977,1,1.3,5.5,0.0,0.0,8.8,1,99.99,89.19
5170,1,0.8,5.0,2.05,0.0,10.35,0,0.0,0.0
239,2,1.0,7.5,2.15,0.0,12.95,0,0.0,0.0
764,1,0.67,4.5,1.0,0.0,9.8,0,0.0,0.0
2087,1,0.9,5.0,0.0,0.0,8.3,1,99.99,89.19
503,2,1.49,7.5,2.26,0.0,13.56,0,0.0,0.0
2020,1,1.0,7.5,0.0,0.0,11.3,1,99.99,88.89
2042,1,1.36,8.5,0.0,0.0,11.8,1,99.99,83.06
3922,1,1.01,7.5,1.7,0.0,13.0,0,0.0,0.0
2414,1,1.4,7.5,3.2,0.0,14.0,0,0.0,0.0
2170,1,4.27,17.5,4.16,0.0,24.96,0,0.0,0.0
1559,6,2.1,9.5,1.0,0.0,13.8,0,0.0,0.0
3870,1,0.99,8.0,0.0,0.0,11.8,1,99.99,83.06
2163,1,1.5,8.5,2.45,0.0,14.75,0,0.0,0.0
5608,1,1.1,6.0,0.39,0.0,8.19,0,0.0,0.0
5805,1,1.71,8.0,0.0,0.0,9.3,1,99.99,89.19
5322,2,1.02,6.5,0.0,0.0,9.8,1,99.99,89.19
1883,1,4.2,23.0,5.25,0.0,31.55,0,0.0,0.0
3755,1,1.3,8.0,2.25,0.0,13.55,0,0.0,0.0
3941,1,1.58,9.0,0.0,0.0,12.3,1,99.99,83.06
2609,1,0.3,3.5,1.55,0.0,9.35,0,0.0,0.0
6038,2,1.1,6.5,2.45,0.0,10.75,0,0.0,0.0
1242,1,0.67,5.5,0.0,0.0,9.8,1,99.99,89.19
4614,2,9.49,34.0,7.46,0.0,44.76,0,0.0,0.0
3268,5,1.99,15.0,0.0,0.0,18.3,1,99.98,70.37
2417,1,3.2,11.5,0.0,0.0,15.8,1,99.98,81.58
3003,1,0.8,5.0,1.65,0.0,9.95,0,0.0,0.0
625,1,4.3,17.0,3.0,0.0,23.8,0,0.0,0.0
3116,5,0.63,4.5,1.56,0.0,9.36,0,0.0,0.0
1615,1,2.08,9.0,2.56,0.0,15.36,0,0.0,0.0
4680,2,7.38,23.5,0.0,0.0,27.3,1,99.96,62.5
496,1,1.56,8.0,1.7,0.0,13.0,0,0.0,0.0
747,1,1.5,8.5,2.35,0.0,14.15,0,0.0,0.0
4930,1,1.86,8.5,2.95,0.0,14.75,0,0.0,0.0
3782,1,2.6,12.5,3.36,0.0,20.16,0,0.0,0.0
1046,2,17.8,52.0,12.21,5.76,73.27,0,0.0,0.0
31,3,0.74,4.0,0.0,0.0,7.8,1,99.99,89.55
4332,3,0.7,5.0,0.0,0.0,5.8,1,99.99,89.55
156,1,0.9,9.5,2.0,0.0,15.8,0,0.0,0.0
2287,1,0.9,8.0,2.25,0.0,13.55,0,0.0,0.0
230,2,0.66,7.0,1.94,0.0,12.74,0,0.0,0.0
2788,1,0.2,3.5,0.0,0.0,4.8,1,99.99,89.55
622,3,0.0,120.0,33.2,12.5,166.0,0,0.0,0.0
6240,1,12.79,37.5,0.0,5.76,44.06,1,96.46,38.46
3298,1,5.8,18.0,4.35,0.0,26.15,0,0.0,0.0
534,1,4.4,24.5,2.5,0.0,30.3,0,0.0,0.0
5639,1,1.19,10.0,3.24,0.0,14.04,0,0.0,0.0
233,1,1.09,6.0,1.96,0.0,11.76,0,0.0,0.0
800,1,1.36,9.0,1.5,0.0,13.8,0,0.0,0.0
2389,1,2.1,9.5,2.66,0.0,15.96,0,0.0,0.0
80,1,1.47,9.5,0.0,0.0,13.3,1,99.99,83.06
3630,0,1.2,8.5,2.95,0.0,14.75,0,0.0,0.0
263,1,0.85,6.0,1.96,0.0,11.76,0,0.0,0.0
3938,1,1.3,8.0,0.0,0.0,11.3,1,99.99,83.06
5577,1,1.83,9.5,0.0,0.0,10.3,1,99.99,83.06
6223,1,3.82,17.0,4.45,0.0,22.25,0,0.0,0.0
4685,1,12.7,36.5,7.56,0.0,45.36,0,0.0,0.0
5242,1,2.7,15.0,3.65,0.0,21.95,0,0.0,0.0
805,1,0.47,4.0,0.0,0.0,8.3,1,99.99,89.55
5224,6,0.97,7.5,2.16,0.0,12.96,0,0.0,0.0
2275,1,1.79,12.5,3.16,0.0,18.96,0,0.0,0.0
6059,1,1.02,6.0,0.0,0.0,7.3,1,99.99,89.19
23,5,1.09,8.5,2.36,0.0,14.16,0,0.0,0.0
3989,1,1.82,12.0,0.0,0.0,15.3,1,99.99,83.06
4235,2,3.0,11.5,3.05,0.0,18.35,0,0.0,0.0
3153,1,0.56,4.0,0.0,0.0,7.8,1,99.99,89.55
472,5,0.58,4.0,2.34,0.0,10.14,0,0.0,0.0
1197,1,0.6,5.0,1.75,0.0,10.55,0,0.0,0.0
1876,1,0.88,5.5,1.86,0.0,11.16,0,0.0,0.0
393,5,18.94,52.0,12.21,5.76,73.27,0,0.0,0.0
3491,4,1.08,9.0,2.46,0.0,14.76,0,0.0,0.0
2654,1,1.56,8.5,2.36,0.0,14.16,0,0.0,0.0
1760,2,0.55,4.5,1.56,0.0,11.31,0,0.0,0.0
1005,1,0.61,4.5,0.0,0.0,8.3,1,99.99,89.19
2687,0,0.4,3.5,0.68,0.0,7.48,0,0.0,0.0
5810,1,1.5,8.0,0.0,0.0,8.8,1,99.99,89.19
2960,1,5.21,17.0,6.24,0.0,27.04,0,0.0,0.0
1253,1,1.8,8.0,0.0,0.0,11.3,1,99.99,83.06
696,1,1.94,13.0,4.08,0.0,20.38,0,0.0,0.0
4563,1,6.36,21.5,0.0,0.0,25.3,1,99.97,67.65
5455,1,0.61,4.0,0.0,0.0,5.8,1,99.99,89.55
3012,1,2.6,11.5,2.7,0.0,18.0,0,0.0,0.0
2057,1,0.91,9.0,2.46,0.0,14.76,0,0.0,0.0
96,1,3.21,13.5,0.0,0.0,17.8,1,99.98,81.58
1225,3,1.99,8.5,0.0,0.0,12.3,1,99.99,83.06
3692,1,4.42,15.66,0.0,0.0,16.46,1,99.98,70.37
4607,1,0.76,6.5,0.0,0.0,10.3,1,99.99,89.19
3142,4,1.74,8.0,1.0,0.0,12.8,0,0.0,0.0
4810,1,2.23,10.5,2.76,0.0,16.56,0,0.0,0.0
4104,1,0.8,7.0,2.06,0.0,12.36,0,0.0,0.0
5060,1,0.58,5.0,0.0,0.0,8.3,1,99.99,89.19
5097,5,2.06,15.0,3.66,0.0,21.96,0,0.0,0.0
132,1,0.6,4.0,0.0,0.0,7.3,1,99.99,89.55
1740,1,12.5,41.0,8.35,0.0,50.15,0,0.0,0.0
346,1,2.23,9.5,3.45,0.0,17.25,0,0.0,0.0
4648,1,10.41,34.0,8.31,5.76,49.87,0,0.0,0.0
5206,2,4.5,17.5,4.25,0.0,25.55,0,0.0,0.0
5925,1,0.16,10.0,2.16,0.0,12.96,0,0.0,0.0
1872,1,1.43,8.0,2.36,0.0,14.16,0,0.0,0.0
3668,1,1.63,11.5,0.0,0.0,14.8,1,99.99,83.06
2934,1,2.2,10.0,1.0,0.0,14.8,0,0.0,0.0
6209,1,7.85,32.5,0.0,0.0,33.3,1,99.94,41.67
4596,1,0.8,5.5,1.75,0.0,10.55,0,0.0,0.0
3616,1,1.2,7.0,0.0,0.0,10.3,1,99.99,89.19
3540,1,0.6,4.0,1.65,0.0,9.95,0,0.0,0.0
4296,1,3.76,14.0,0.0,0.0,17.8,1,99.98,70.37
4463,2,3.84,17.5,2.13,0.0,23.43,0,0.0,0.0
4486,1,2.98,14.0,3.46,0.0,20.76,0,0.0,0.0
4436,1,0.95,7.5,0.0,0.0,10.8,1,99.99,89.19
1161,6,2.13,11.5,2.0,0.0,17.8,0,0.0,0.0
2063,1,1.5,11.5,2.95,0.0,17.75,0,0.0,0.0
3127,1,4.23,14.0,0.0,0.0,15.3,1,99.98,81.58
4302,2,2.77,13.0,4.33,0.0,21.63,0,0.0,0.0
1038,1,0.81,7.5,2.16,0.0,12.96,0,0.0,0.0
2077,1,1.0,5.5,1.95,0.0,11.75,0,0.0,0.0
2157,5,4.38,21.0,4.0,0.0,28.8,0,0.0,0.0
3659,2,1.12,6.5,1.96,0.0,11.76,0,0.0,0.0
3838,1,0.94,7.5,2.16,0.0,12.96,0,0.0,0.0
3323,1,1.7,10.5,2.75,0.0,16.55,0,0.0,0.0
208,1,0.4,4.5,0.0,0.0,8.8,1,99.99,89.19
3624,1,1.11,9.0,2.0,0.0,14.3,0,0.0,0.0
6050,1,0.6,5.5,0.0,0.0,6.3,1,99.99,89.55
3733,1,0.9,5.0,1.65,0.0,9.95,0,0.0,0.0
4726,2,1.2,6.5,2.15,0.0,12.95,0,0.0,0.0
2576,1,1.09,9.0,2.56,0.0,15.36,0,0.0,0.0
3285,1,3.8,17.0,0.0,0.0,21.3,1,99.98,70.37
2107,1,2.7,13.0,0.0,0.0,17.3,1,99.98,81.58
2775,2,1.46,7.5,2.26,0.0,13.56,0,0.0,0.0
4605,6,1.84,8.0,2.82,0.0,14.12,0,0.0,0.0
2821,5,3.3,16.5,0.0,0.0,19.8,1,99.98,70.37
1569,1,1.1,9.5,3.8,0.0,16.6,0,0.0,0.0
3211,2,2.2,10.0,2.66,0.0,15.96,0,0.0,0.0
2333,1,2.4,13.5,3.35,0.0,20.15,0,0.0,0.0
351,1,2.8,12.5,3.25,0.0,19.55,0,0.0,0.0
5506,2,1.25,6.5,0.0,0.0,10.05,1,99.99,89.19
3218,1,2.48,10.0,2.0,0.0,15.8,0,0.0,0.0
5900,3,1.2,6.0,0.0,0.0,7.3,1,99.99,89.55
2794,1,1.03,9.5,1.28,0.0,14.08,0,0.0,0.0
1084,1,2.15,16.0,4.06,0.0,24.36,0,0.0,0.0
2481,1,2.67,15.5,3.76,0.0,22.56,0,0.0,0.0
3557,1,2.4,8.5,2.46,0.0,14.76,0,0.0,0.0
465,5,2.03,9.5,0.0,0.0,13.8,1,99.99,83.06
4958,1,1.05,6.5,2.16,0.0,12.96,0,0.0,0.0
2905,1,24.57,78.0,0.0,5.76,85.56,0,0.93,33.33
3101,3,0.4,4.0,1.11,0.0,6.91,0,0.0,0.0
1593,1,1.6,8.0,2.45,0.0,14.75,0,0.0,0.0
1467,1,16.01,52.0,12.21,5.76,73.27,0,0.0,0.0
1315,2,2.4,11.5,3.05,0.0,18.35,0,0.0,0.0
1611,1,1.12,7.5,2.26,0.0,13.56,0,0.0,0.0
3518,1,0.53,4.5,2.2,0.0,11.0,0,0.0,0.0
5594,1,6.29,21.4,0.0,0.0,21.9,1,99.97,67.65
2072,1,0.5,5.5,1.0,0.0,10.8,0,0.0,0.0
5790,1,2.7,11.0,0.0,0.0,12.3,1,99.99,83.06
3545,1,2.06,10.0,0.0,0.0,13.3,1,99.99,83.06
5638,1,0.0,10.0,0.0,0.0,10.0,1,99.99,88.89
5471,1,2.9,16.0,0.0,0.0,17.8,1,99.98,70.37
2596,1,1.29,9.5,1.56,0.0,14.36,0,0.0,0.0
3484,2,1.43,9.5,0.0,0.0,12.8,1,99.99,83.06
3193,1,2.9,16.5,2.97,0.0,22.77,0,0.0,0.0
2916,3,10.51,33.5,0.0,0.0,37.3,1,99.88,38.46
4382,1,2.0,12.0,3.25,0.0,19.55,0,0.0,0.0
1261,1,9.6,29.5,7.0,5.76,46.06,0,0.0,0.0
1042,1,7.89,23.5,3.0,0.0,30.3,0,0.0,0.0
2453,1,0.53,3.5,0.0,0.0,7.3,1,99.99,89.55
5702,1,14.47,46.5,0.0,5.76,53.06,1,89.7,38.46
5494,1,1.36,8.0,0.0,0.0,8.8,1,99.99,89.19
3295,1,3.22,18.0,0.0,0.0,21.3,1,99.98,70.37
3194,1,2.0,9.5,3.3,0.0,16.6,0,0.0,0.0
5082,1,1.8,11.0,3.05,0.0,18.35,0,0.0,0.0
561,1,1.48,7.0,2.06,0.0,12.36,0,0.0,0.0
2715,1,1.8,9.0,2.56,0.0,15.36,0,0.0,0.0
1608,2,11.8,38.5,0.0,0.0,39.3,1,99.82,38.46
4990,3,8.0,24.0,0.0,0.0,25.8,1,99.96,62.5
2233,1,2.6,12.0,3.25,0.0,19.55,0,0.0,0.0
4789,2,1.21,9.0,2.0,0.0,15.3,0,0.0,0.0
4630,3,1.86,10.0,2.76,0.0,16.56,0,0.0,0.0
4676,1,8.64,30.5,0.0,5.76,37.06,1,98.94,38.46
1805,1,0.8,5.5,0.0,0.0,9.3,1,99.99,89.19
2516,2,0.62,5.5,0.0,0.0,8.8,1,99.99,89.19
2406,5,8.58,26.5,0.0,0.0,27.3,1,99.95,41.67
535,1,0.78,5.5,0.0,0.0,8.8,1,99.99,89.19
2227,4,8.4,33.0,8.4,5.76,50.46,0,0.0,0.0
5062,1,0.8,6.0,1.95,0.0,11.75,0,0.0,0.0
5519,1,1.33,8.5,2.06,0.0,12.36,0,0.0,0.0
1149,1,10.02,30.5,6.46,0.0,38.76,0,0.0,0.0
3961,1,2.93,12.5,3.36,0.0,20.16,0,0.0,0.0
4335,1,2.0,11.5,1.5,0.0,17.3,0,0.0,0.0
2764,2,1.04,7.5,2.26,0.0,13.56,0,0.0,0.0
6036,1,8.44,22.43,0.0,0.0,22.93,1,99.96,62.5
5036,1,1.3,12.5,0.0,0.0,15.8,1,99.98,83.06
1362,1,2.47,12.0,3.06,0.0,18.36,0,0.0,0.0
957,5,1.11,7.0,3.24,0.0,14.04,0,0.0,0.0
3896,1,2.96,12.5,3.26,0.0,19.56,0,0.0,0.0
5272,2,2.51,11.5,3.16,0.0,18.96,0,0.0,0.0
1268,1,1.11,6.5,2.58,0.0,12.88,0,0.0,0.0
828,6,7.88,26.0,7.45,0.0,37.25,0,0.0,0.0
5728,1,21.27,65.59,0.0,11.52,77.61,0,0.01,0.0
5952,1,0.9,5.5,0.0,0.0,7.3,1,99.99,89.19
217,6,1.16,6.0,0.0,0.0,9.8,1,99.99,83.06
2996,1,1.2,9.5,0.0,0.0,10.3,1,99.99,88.89
5844,1,10.83,33.01,0.0,0.0,33.51,1,99.9,38.46
2522,2,1.44,8.0,2.36,0.0,14.16,0,0.0,0.0
5785,2,0.81,7.5,2.79,0.0,14.04,0,0.0,0.0
296,1,0.9,11.0,2.85,0.0,17.15,0,0.0,0.0
2795,1,1.7,10.0,2.75,0.0,16.55,0,0.0,0.0
2104,1,1.4,6.5,1.47,0.0,11.27,0,0.0,0.0
712,1,0.8,5.0,1.75,0.0,10.55,0,0.0,0.0
2572,1,17.56,52.0,12.21,5.76,73.27,0,0.0,0.0
3574,1,0.7,5.0,1.75,0.0,10.55,0,0.0,0.0
88,1,0.07,2.5,0.0,0.0,3.8,1,99.99,89.55
4427,1,1.83,8.5,0.0,0.0,11.8,1,99.99,83.06
5409,1,3.4,13.0,0.0,0.0,16.8,1,99.98,81.58
2970,2,1.1,7.5,3.0,0.0,13.8,0,0.0,0.0
3787,1,1.55,9.5,0.0,0.0,13.8,1,99.99,83.06
381,1,3.66,15.0,3.66,0.0,21.96,0,0.0,0.0
469,2,3.3,13.0,5.0,0.0,21.8,0,0.0,0.0
324,1,1.9,10.0,0.0,0.0,13.8,1,99.99,83.06
1310,2,0.85,5.5,0.0,0.0,9.3,1,99.99,89.19
3527,1,4.1,16.5,1.98,0.0,21.78,0,0.0,0.0
611,1,4.7,22.5,0.0,0.0,26.3,1,99.97,67.65
3254,1,1.63,11.5,1.5,0.0,16.3,0,0.0,0.0
2948,2,0.83,5.0,1.66,0.0,9.96,0,0.0,0.0
5774,1,10.24,38.28,0.0,5.76,44.54,1,97.64,38.46
3967,1,1.5,7.0,0.0,0.0,10.3,1,99.99,89.19
1730,1,2.17,12.0,1.0,0.0,17.3,0,0.0,0.0
5297,2,1.47,8.0,2.46,0.0,14.76,0,0.0,0.0
3362,1,0.6,5.0,1.65,0.0,9.95,0,0.0,0.0
4230,1,1.8,9.5,0.0,0.0,12.8,1,99.99,83.06
2759,1,2.5,11.0,0.0,0.0,14.8,1,99.99,83.06
4405,1,3.06,15.0,4.7,0.0,23.5,0,0.0,0.0
730,2,4.4,16.5,4.06,0.0,24.36,0,0.0,0.0
5369,1,0.5,5.0,2.6,0.0,11.4,0,0.0,0.0
4160,2,2.04,11.0,3.58,0.0,17.88,0,0.0,0.0
491,1,1.6,2.5,0.0,0.0,5.8,1,99.99,89.55
37,1,3.13,20.5,0.0,0.0,24.8,1,99.98,67.65
5609,1,2.89,11.5,0.0,0.0,12.3,1,99.99,83.06
3245,2,1.46,8.5,0.0,0.0,12.8,1,99.99,83.06
3355,1,0.7,4.0,0.0,0.0,7.8,1,99.99,89.55
5922,1,0.89,6.0,2.34,0.0,10.14,0,0.0,0.0
683,1,6.03,19.0,4.46,0.0,26.76,0,0.0,0.0
6145,1,1.68,7.5,1.76,0.0,10.56,0,0.0,0.0
1244,2,1.3,10.0,2.85,0.0,17.15,0,0.0,0.0
3824,2,1.48,7.0,2.26,0.0,13.56,0,0.0,0.0
4207,3,2.05,11.5,2.5,0.0,17.3,0,0.0,0.0
4458,2,1.0,7.0,0.0,0.0,10.3,1,99.99,89.19
6415,1,0.89,5.0,0.0,0.0,5.8,1,99.99,89.55
486,4,1.11,7.0,2.16,0.0,12.96,0,0.0,0.0
1488,1,1.0,6.5,1.0,0.0,11.3,0,0.0,0.0
511,1,6.5,21.5,2.0,0.0,27.3,0,0.0,0.0
1108,1,13.4,52.0,11.7,5.76,70.26,0,0.0,0.0
5626,1,1.28,6.5,0.0,0.0,7.8,1,99.99,89.19
5020,5,1.09,6.5,2.16,0.0,12.96,0,0.0,0.0
4366,1,1.0,7.5,2.35,0.0,14.15,0,0.0,0.0
2617,1,2.01,9.0,2.46,0.0,14.76,0,0.0,0.0
5825,1,4.97,19.0,5.2,0.0,26.0,0,0.0,0.0
1954,1,1.3,10.0,2.65,0.0,15.95,0,0.0,0.0
4190,1,0.8,5.5,0.0,0.0,8.8,1,99.99,89.19
3881,1,0.87,6.0,2.06,0.0,12.36,0,0.0,0.0
544,2,0.7,11.5,2.95,0.0,17.75,0,0.0,0.0
3204,1,0.76,8.0,2.26,0.0,13.56,0,0.0,0.0
1199,1,2.16,10.0,2.66,0.0,15.96,0,0.0,0.0
2622,1,0.9,7.0,1.7,0.0,13.0,0,0.0,0.0
2091,1,3.3,12.5,3.0,0.0,18.8,0,0.0,0.0
1339,1,0.89,5.5,0.0,0.0,9.3,1,99.99,89.19
4902,1,0.8,5.5,1.95,0.0,11.75,0,0.0,0.0
2464,1,12.0,34.0,8.0,0.0,43.3,0,0.0,0.0
2892,1,0.5,4.5,1.55,0.0,9.35,0,0.0,0.0
1650,1,4.33,20.5,4.76,0.0,28.56,0,0.0,0.0
157,5,10.18,29.5,0.06,5.76,38.62,0,0.0,0.0
960,1,1.42,8.0,2.26,0.0,13.56,0,0.0,0.0
2906,6,0.87,6.0,0.0,0.0,9.3,1,99.99,83.06
763,2,1.9,13.0,0.0,0.0,16.3,1,99.98,83.06
1773,1,1.9,8.5,0.0,0.0,12.3,1,99.99,83.06
2531,1,3.8,16.5,4.05,0.0,24.35,0,0.0,0.0
6348,1,1.8,9.5,0.0,0.0,10.3,1,99.99,83.06
1964,1,0.35,3.5,0.68,0.0,7.48,0,0.0,0.0
4511,1,1.0,7.0,1.56,0.0,9.36,0,0.0,0.0
1662,1,2.86,12.5,3.16,0.0,18.96,0,0.0,0.0
926,1,1.83,12.0,3.06,0.0,18.36,0,0.0,0.0
5335,1,2.3,10.5,2.86,0.0,17.16,0,0.0,0.0
2949,1,15.58,52.0,11.06,0.0,66.36,0,0.0,0.0
4237,6,6.29,21.0,4.96,0.0,29.76,0,0.0,0.0
4852,5,2.61,15.5,3.86,0.0,23.16,0,0.0,0.0
5674,1,2.01,9.0,0.0,0.0,9.8,1,99.99,83.06
4603,6,0.82,4.5,0.0,0.0,8.3,1,99.99,83.06
4906,1,7.1,25.5,4.32,0.0,33.12,0,0.0,0.0
468,1,4.0,16.5,4.15,0.0,24.95,0,0.0,0.0
79,1,1.3,7.5,2.25,0.0,13.55,0,0.0,0.0
167,1,0.6,5.5,0.0,0.0,8.8,1,99.99,89.19
5281,1,2.8,12.0,3.15,0.0,18.95,0,0.0,0.0
4767,1,4.4,17.5,4.15,0.0,24.95,0,0.0,0.0
2857,1,1.6,8.0,2.12,0.0,13.92,0,0.0,0.0
4860,1,0.5,4.0,0.0,0.0,7.3,1,99.99,89.55
1328,1,1.39,7.5,1.66,0.0,9.96,0,0.0,0.0
5302,3,2.66,15.5,3.76,0.0,22.56,0,0.0,0.0
4984,1,0.5,4.5,1.2,0.0,10.0,0,0.0,0.0
2670,6,1.08,6.0,1.86,0.0,11.16,0,0.0,0.0
4553,1,8.76,31.0,10.29,0.0,44.59,0,0.0,0.0
2707,1,1.81,10.5,4.14,0.0,17.94,0,0.0,0.0
6090,1,2.42,12.0,0.0,0.0,12.8,1,99.99,83.06
5243,1,17.51,52.0,0.0,0.0,55.3,1,97.55,38.46
1480,1,3.0,17.0,5.05,0.0,25.35,0,0.0,0.0
3780,1,1.4,7.5,0.0,0.0,11.3,1,99.99,88.89
5782,1,8.28,23.5,4.94,5.76,35.0,0,0.0,0.0
4686,1,0.96,6.5,0.0,0.0,10.3,1,99.99,89.19
50,2,1.0,11.5,0.0,0.0,14.8,1,99.99,83.06
4291,1,17.8,52.0,8.0,0.0,63.3,0,0.0,0.0
2640,1,7.03,21.5,6.11,5.76,36.67,0,0.0,0.0
2623,1,0.6,5.0,1.65,0.0,9.95,0,0.0,0.0
4280,3,4.4,25.0,6.95,2.64,34.89,0,0.0,0.0
4562,1,0.1,20.0,0.0,0.0,20.8,1,99.98,70.37
1406,1,18.2,52.0,0.0,5.76,61.06,1,61.24,38.46
4081,1,10.77,42.5,11.45,0.0,57.25,0,0.0,0.0
308,5,18.76,52.0,11.71,5.76,70.27,0,0.0,0.0
2570,1,0.69,5.0,1.76,0.0,10.56,0,0.0,0.0
4620,1,2.1,9.0,2.55,0.0,15.35,0,0.0,0.0
538,1,9.28,34.0,6.61,5.76,50.67,0,0.0,0.0
6225,1,0.78,5.0,0.0,0.0,5.8,1,99.99,89.55
2741,1,2.7,11.5,3.16,0.0,18.96,0,0.0,0.0
6041,1,2.25,9.5,2.06,0.0,12.36,0,0.0,0.0
5693,2,2.11,10.0,0.0,0.0,11.3,1,99.99,83.06
3187,1,1.6,7.0,2.15,0.0,12.95,0,0.0,0.0
4764,1,1.56,9.0,2.46,0.0,14.76,0,0.0,0.0
5546,1,0.0,2.5,0.0,0.0,3.3,1,99.99,89.55
1921,3,1.42,8.0,2.46,0.0,14.76,0,0.0,0.0
585,4,2.1,9.5,2.05,0.0,12.35,0,0.0,0.0
4590,3,1.8,8.0,2.35,0.0,14.15,0,0.0,0.0
1056,2,0.5,5.5,2.45,0.0,12.25,0,0.0,0.0
1144,1,0.6,6.0,0.0,0.0,10.3,1,99.99,89.19
5856,1,14.03,38.61,0.0,5.76,44.87,1,95.14,38.46
93,3,0.66,9.5,1.2,0.0,14.0,0,0.0,0.0
5474,1,1.3,6.0,0.0,0.0,9.55,1,99.99,89.19
1212,1,3.23,12.0,3.95,0.0,19.75,0,0.0,0.0
2432,2,3.2,14.5,3.75,0.0,22.55,0,0.0,0.0
6127,1,1.53,10.5,0.0,0.0,11.8,1,99.99,83.06
2095,2,2.94,12.0,0.0,0.0,15.8,1,99.98,81.58
996,1,8.3,27.0,7.2,5.76,43.26,0,0.0,0.0
2655,3,1.8,10.0,2.65,0.0,15.95,0,0.0,0.0
1623,1,1.45,9.0,0.0,0.0,12.3,1,99.99,83.06
1961,1,17.82,52.0,13.11,5.76,78.67,0,0.0,0.0
4588,1,4.9,16.5,4.15,0.0,24.95,0,0.0,0.0
4747,1,6.44,23.5,5.36,0.0,32.16,0,0.0,0.0
5996,1,3.15,12.5,2.86,0.0,17.16,0,0.0,0.0
6195,3,3.96,18.0,3.76,0.0,22.56,0,0.0,0.0
6336,2,2.21,10.0,0.0,0.0,11.8,1,99.99,83.06
91,1,0.3,3.0,0.95,0.0,7.25,0,0.0,0.0
318,1,0.66,7.0,0.0,0.0,10.3,1,99.99,89.19
1786,1,1.19,6.0,1.96,0.0,11.76,0,0.0,0.0
4467,1,4.23,17.0,0.0,0.0,17.8,1,99.98,70.37
6422,1,4.02,16.0,0.0,0.0,17.3,1,99.98,70.37
1305,1,10.5,32.0,8.4,5.76,50.46,0,0.0,0.0
2932,1,1.68,7.0,2.16,0.0,12.96,0,0.0,0.0
1002,2,4.16,17.0,4.26,0.0,25.56,0,0.0,0.0
3333,1,0.7,4.5,0.0,0.0,7.8,1,99.99,89.55
17,1,2.6,10.5,2.0,0.0,16.3,0,0.0,0.0
3055,1,2.01,7.5,0.0,0.0,11.3,1,99.99,83.06
2549,2,5.8,23.5,4.1,0.0,31.4,0,0.0,0.0
476,4,1.77,8.0,0.0,0.0,11.3,1,99.99,83.06
3903,1,2.7,10.0,2.65,0.0,15.95,0,0.0,0.0
2638,1,0.9,5.0,0.0,0.0,8.3,1,99.99,89.19
3154,1,1.29,12.5,0.0,0.0,15.8,1,99.98,83.06
2691,1,1.15,7.0,1.5,0.0,11.8,0,0.0,0.0
1729,1,0.5,4.5,1.0,0.0,8.8,0,0.0,0.0
4842,1,2.4,10.5,0.0,0.0,14.3,1,99.99,83.06
3185,4,2.9,14.0,3.45,0.0,20.75,0,0.0,0.0
2276,1,17.38,52.0,15.26,5.76,76.32,0,0.0,0.0
2138,1,0.6,10.5,2.0,0.0,15.8,0,0.0,0.0
1297,5,5.6,22.0,0.0,0.0,23.8,1,99.97,67.65
3641,2,0.9,5.5,0.0,0.0,9.3,1,99.99,89.19
3149,2,0.4,4.5,1.0,0.0,8.8,0,0.0,0.0
5527,1,2.54,11.0,0.0,0.0,11.8,1,99.99,83.06
3214,1,4.92,16.5,0.0,0.0,20.3,1,99.98,67.65
2410,1,1.45,7.0,0.0,0.0,10.8,1,99.99,88.89
2765,1,5.39,20.5,2.0,0.0,26.3,0,0.0,0.0
2215,1,1.27,8.0,2.36,0.0,14.16,0,0.0,0.0
2778,1,4.25,15.5,0.0,0.0,19.3,1,99.98,70.37
5606,1,1.4,6.5,1.49,0.0,9.79,0,0.0,0.0
14,0,2.9,11.5,0.0,0.0,14.8,1,99.98,81.58
3263,1,0.66,4.0,1.0,0.0,8.3,0,0.0,0.0
1888,1,11.24,39.0,9.61,5.76,57.67,0,0.0,0.0
3912,2,19.3,52.0,11.05,0.0,66.35,0,0.0,0.0
5470,1,0.84,7.5,0.0,0.0,8.3,1,99.99,89.19
5223,1,0.78,5.0,1.66,0.0,9.96,0,0.0,0.0
5808,1,0.88,5.5,0.0,0.0,6.8,1,99.99,89.55
1022,1,1.8,8.0,1.2,0.0,13.0,0,0.0,0.0
3825,1,12.54,40.0,0.0,5.76,46.56,1,95.89,38.46
6268,1,8.82,29.5,6.61,0.0,39.66,0,0.0,0.0
2742,1,0.0,55.0,0.0,0.0,55.8,1,99.75,38.46
4320,1,8.32,25.5,7.45,0.0,37.25,0,0.0,0.0
5686,1,1.0,7.0,0.0,0.0,8.8,1,99.99,89.19
4022,2,0.68,5.0,1.66,0.0,9.96,0,0.0,0.0
1097,1,1.2,7.5,0.0,0.0,10.8,1,99.99,88.89
1263,1,1.73,12.5,1.5,0.0,17.3,0,0.0,0.0
5043,1,4.25,17.5,2.0,0.0,22.8,0,0.0,0.0
2952,1,1.5,9.0,2.45,0.0,14.75,0,0.0,0.0
2753,1,1.29,11.0,0.0,0.0,15.3,1,99.99,83.06
3570,3,16.33,52.0,0.0,5.76,61.06,1,72.75,38.46
4305,4,4.48,16.0,3.96,0.0,23.76,0,0.0,0.0
6357,1,0.0,2.5,0.0,0.0,3.3,1,99.99,89.55
1507,1,4.75,17.5,4.16,0.0,24.96,0,0.0,0.0
1578,1,0.53,7.5,0.0,0.0,10.8,1,99.99,89.19
746,1,2.59,10.5,1.0,0.0,15.3,0,0.0,0.0
5830,1,2.49,11.5,0.0,0.0,12.8,1,99.99,83.06
5033,1,5.2,22.5,6.55,0.0,32.85,0,0.0,0.0
5146,2,0.84,5.5,1.96,0.0,11.76,0,0.0,0.0
6364,3,6.82,23.5,5.61,0.0,33.66,0,0.0,0.0
1092,1,0.97,9.5,0.0,0.0,12.8,1,99.99,83.06
3217,1,0.4,3.5,0.0,0.0,6.8,1,99.99,89.55
265,1,0.77,6.0,1.2,0.0,11.0,0,0.0,0.0
5351,1,1.28,6.0,1.96,0.0,11.76,0,0.0,0.0
4266,5,3.72,13.0,2.2,0.0,19.0,0,0.0,0.0
6421,6,10.23,33.0,0.0,0.0,33.8,1,99.9,38.46
2633,1,0.54,4.5,1.06,0.0,6.36,0,0.0,0.0
1129,1,0.97,10.5,0.0,0.0,13.8,1,99.99,83.06
2746,4,2.59,10.0,0.0,0.0,13.3,1,99.99,83.06
3808,2,5.18,20.0,4.66,0.0,27.96,0,0.0,0.0
2142,1,0.82,12.5,3.95,0.0,19.75,0,0.0,0.0
5234,1,1.7,12.5,1.2,0.0,18.0,0,0.0,0.0
2803,1,1.08,7.0,2.16,0.0,12.96,0,0.0,0.0
1745,1,1.6,9.0,2.45,0.0,14.75,0,0.0,0.0
3826,1,1.6,10.0,0.0,0.0,13.8,1,99.99,83.06
196,1,6.5,23.5,0.0,5.76,32.56,1,99.41,38.46
2187,3,1.04,6.5,1.96,0.0,11.76,0,0.0,0.0
2874,1,1.27,9.5,3.2,0.0,16.0,0,0.0,0.0
6107,1,11.19,33.78,0.0,0.0,34.28,1,99.89,38.46
1371,1,0.4,3.5,0.0,0.0,6.8,1,99.99,89.55
5273,1,0.1,3.0,0.0,0.0,4.8,1,99.99,89.55
432,1,2.5,10.0,2.76,0.0,16.56,0,0.0,0.0
6292,1,22.81,70.0,0.0,5.76,77.06,0,5.24,33.33
3158,1,1.0,7.5,2.15,0.0,12.95,0,0.0,0.0
2801,1,1.0,6.0,1.3,0.0,10.6,0,0.0,0.0
3434,1,0.42,3.5,2.0,0.0,9.3,0,0.0,0.0
4531,1,0.69,5.5,1.86,0.0,11.16,0,0.0,0.0
5850,1,1.87,8.0,1.0,0.0,12.55,0,0.0,0.0
1940,1,3.49,16.5,3.96,0.0,23.76,0,0.0,0.0
4519,2,1.1,7.5,3.35,0.0,14.65,0,0.0,0.0
1912,3,2.9,20.5,4.76,0.0,28.56,0,0.0,0.0
706,1,1.81,9.0,0.0,0.0,12.8,1,99.99,83.06
5179,1,0.4,4.0,0.0,0.0,8.3,1,99.99,89.55
84,2,1.5,9.5,0.0,0.0,12.8,1,99.99,83.06
811,2,1.28,6.5,2.0,0.0,11.8,0,0.0,0.0
3340,0,1.4,11.5,2.2,0.0,17.0,0,0.0,0.0
5307,1,2.3,10.0,2.66,0.0,15.96,0,0.0,0.0
4236,1,2.27,9.5,3.2,0.0,16.0,0,0.0,0.0
4599,2,0.5,4.5,0.0,0.0,7.8,1,99.99,89.55
3319,5,2.64,12.0,3.16,0.0,18.96,0,0.0,0.0
5125,1,1.32,10.5,2.25,0.0,16.05,0,0.0,0.0
756,5,1.48,10.0,0.0,0.0,14.3,1,99.99,83.06
1221,1,4.1,18.5,0.0,0.0,22.8,1,99.98,67.65
4377,1,1.52,8.5,1.0,0.0,12.8,0,0.0,0.0
5227,2,2.23,9.0,2.46,0.0,14.76,0,0.0,0.0
2153,1,2.24,8.5,1.77,0.0,13.57,0,0.0,0.0
2094,4,5.2,21.0,4.96,0.0,29.76,0,0.0,0.0
378,3,1.03,5.5,1.76,0.0,10.56,0,0.0,0.0
3548,1,0.52,5.0,1.45,0.0,7.25,0,0.0,0.0
1558,5,3.26,17.5,2.18,0.0,23.98,0,0.0,0.0
4942,1,9.7,31.0,7.0,0.0,41.8,0,0.0,0.0
1370,2,0.7,5.5,1.75,0.0,10.55,0,0.0,0.0
2515,1,1.32,6.0,1.86,0.0,11.16,0,0.0,0.0
3721,5,1.43,13.0,0.0,0.0,16.3,1,99.98,81.58
3235,1,1.1,8.0,2.36,0.0,14.16,0,0.0,0.0
185,1,1.8,11.5,0.0,0.0,14.8,1,99.99,83.06
812,1,0.48,4.0,0.0,0.0,7.3,1,99.99,89.55
1978,2,0.2,3.0,0.0,0.0,6.3,1,99.99,89.55
2855,2,2.05,11.5,2.96,0.0,17.76,0,0.0,0.0
4952,1,1.78,9.0,0.0,0.0,12.3,1,99.99,83.06
3866,1,1.09,8.0,2.26,0.0,13.56,0,0.0,0.0
5890,1,2.49,11.0,0.0,0.0,15.05,1,99.99,83.06
4196,1,1.4,8.5,1.0,0.0,12.8,0,0.0,0.0
2513,1,0.65,4.0,0.0,0.0,7.8,1,99.99,89.55
2182,1,2.28,11.5,0.0,0.0,14.8,1,99.99,83.06
5037,1,1.19,9.5,2.56,0.0,15.36,0,0.0,0.0
4392,1,4.12,15.5,3.76,0.0,22.56,0,0.0,0.0
4801,1,1.2,9.0,0.0,0.0,12.3,1,99.99,83.06
1044,1,0.33,3.0,0.0,0.0,7.3,1,99.99,89.55
1632,3,2.13,10.5,0.0,0.0,14.25,1,99.99,83.06
4706,1,1.0,6.5,2.05,0.0,12.35,0,0.0,0.0
4315,6,0.75,4.5,1.56,0.0,9.36,0,0.0,0.0
2716,1,0.9,6.0,3.0,0.0,12.8,0,0.0,0.0
1840,1,2.0,13.0,3.25,0.0,19.55,0,0.0,0.0
6376,1,2.78,13.5,0.0,0.0,14.3,1,99.98,81.58
4578,1,0.98,6.0,1.86,0.0,11.16,0,0.0,0.0
1075,1,9.15,39.0,8.46,0.0,50.76,0,0.0,0.0
1049,1,2.2,11.0,0.0,0.0,14.8,1,99.99,83.06
6398,1,18.39,50.5,7.7,0.0,59.0,0,0.0,0.0
4091,1,0.88,8.0,0.0,0.0,12.3,1,99.99,83.06
2471,2,1.19,6.5,2.0,0.0,11.8,0,0.0,0.0
3688,1,0.8,5.0,1.66,0.0,9.96,0,0.0,0.0
1101,1,1.5,16.0,3.85,0.0,23.15,0,0.0,0.0
5696,2,2.78,14.0,0.0,0.0,15.3,1,99.98,81.58
4536,1,0.82,4.5,1.76,0.0,10.56,0,0.0,0.0
228,1,9.9,28.0,7.51,5.76,45.07,0,0.0,0.0
5123,1,2.02,10.5,2.76,0.0,16.56,0,0.0,0.0
2678,1,1.0,7.0,0.0,0.0,10.3,1,99.99,89.19
425,1,2.07,9.5,1.0,0.0,14.3,0,0.0,0.0
248,1,2.32,12.0,0.0,0.0,15.8,1,99.98,83.06
1789,1,1.1,7.5,2.95,0.0,14.75,0,0.0,0.0
2574,1,1.1,7.0,2.25,0.0,13.55,0,0.0,0.0
4577,1,0.94,5.0,1.86,0.0,11.16,0,0.0,0.0
4228,1,6.42,20.0,0.0,0.0,23.8,1,99.97,67.65
401,2,0.64,5.0,2.08,0.0,10.38,0,0.0,0.0
5381,1,1.2,8.5,2.45,0.0,14.75,0,0.0,0.0
5077,1,0.33,3.5,0.0,0.0,6.8,1,99.99,89.55
1825,1,1.34,8.5,2.36,0.0,14.16,0,0.0,0.0
1163,1,1.1,7.5,2.16,0.0,12.96,0,0.0,0.0
604,1,1.72,8.0,3.39,0.0,14.69,0,0.0,0.0
3443,1,2.03,11.0,0.0,0.0,14.3,1,99.99,83.06
3098,1,3.9,16.0,0.0,0.0,19.8,1,99.98,70.37
5969,1,6.33,16.68,0.0,0.0,17.18,1,99.98,67.65
3252,1,0.87,8.5,1.92,0.0,14.72,0,0.0,0.0
5942,1,10.27,31.0,0.0,5.76,37.56,1,98.6,38.46
254,1,2.7,13.5,0.0,0.0,16.8,1,99.98,81.58
5884,2,0.68,4.0,0.0,0.0,4.8,1,99.99,89.55
221,1,8.81,27.5,7.31,5.76,43.87,0,0.0,0.0
3151,1,2.2,15.0,3.65,0.0,21.95,0,0.0,0.0
6377,1,1.62,8.0,0.0,0.0,8.8,1,99.99,89.19
65,1,2.42,15.5,3.76,0.0,22.56,0,0.0,0.0
1620,1,0.98,5.0,0.0,0.0,9.3,1,99.99,89.19
1580,1,3.35,12.0,3.16,0.0,18.96,0,0.0,0.0
3130,3,0.7,5.5,1.76,0.0,10.56,0,0.0,0.0
5490,1,0.02,2.5,0.0,0.0,3.3,1,99.99,89.55
4420,1,2.5,10.0,0.0,0.0,13.3,1,99.99,83.06
1188,1,0.49,4.0,0.0,0.0,4.8,1,99.99,89.55
1454,1,1.4,7.0,1.5,0.0,11.8,0,0.0,0.0
1702,2,21.27,56.0,5.0,0.0,61.8,0,0.0,0.0
5747,1,3.0,11.0,0.0,0.0,12.8,1,99.99,83.06
1618,1,1.0,6.5,1.96,0.0,11.76,0,0.0,0.0
3085,1,3.2,14.5,0.0,0.0,15.3,1,99.98,81.58
5220,3,0.8,5.0,1.65,0.0,9.95,0,0.0,0.0
2812,1,0.8,7.0,2.05,0.0,12.35,0,0.0,0.0
6307,1,1.3,7.5,0.0,0.0,8.8,1,99.99,89.19
4112,1,1.95,12.0,0.0,0.0,15.3,1,99.98,83.06
376,1,2.4,9.5,5.0,0.0,17.8,0,0.0,0.0
543,1,0.98,6.0,1.86,0.0,11.16,0,0.0,0.0
5643,5,1.54,8.0,0.0,0.0,9.3,1,99.99,83.06
2704,1,0.2,3.0,0.0,0.0,6.8,1,99.99,89.55
3039,1,2.5,11.5,0.0,0.0,14.8,1,99.98,83.06
705,1,0.76,6.0,1.96,0.0,11.76,0,0.0,0.0
4490,1,2.05,9.0,0.0,0.0,13.3,1,99.99,83.06
2921,5,0.86,5.5,1.32,0.0,10.12,0,0.0,0.0
177,1,5.19,17.5,4.0,0.0,25.8,0,0.0,0.0
6302,1,1.39,9.0,0.0,0.0,10.8,1,99.99,83.06
3830,1,0.81,5.5,1.76,0.0,10.56,0,0.0,0.0
2882,3,7.35,22.5,1.0,0.0,27.3,0,0.0,0.0
2663,1,2.2,11.0,0.0,0.0,14.8,1,99.99,83.06
501,1,9.65,33.0,10.76,5.76,53.82,0,0.0,0.0
1858,1,1.2,6.5,1.0,0.0,10.8,0,0.0,0.0
2650,3,8.4,27.5,0.0,5.76,36.56,1,99.06,38.46
2677,6,1.28,7.5,2.16,0.0,12.96,0,0.0,0.0
5957,1,0.0,9.5,0.0,0.0,10.3,1,99.99,88.89
864,2,0.4,3.5,2.0,0.0,8.8,0,0.0,0.0
3849,1,0.66,5.0,2.32,0.0,11.62,0,0.0,0.0
1183,1,4.93,17.0,0.0,0.0,20.8,1,99.98,67.65
5002,1,0.86,6.0,1.0,0.0,10.3,0,0.0,0.0
6116,1,5.95,19.5,4.0,0.0,27.55,0,0.0,0.0
5028,1,1.71,8.5,2.36,0.0,14.16,0,0.0,0.0
168,2,1.56,9.5,0.0,0.0,13.3,1,99.99,83.06
5837,1,6.39,20.92,0.0,0.0,21.42,1,99.97,67.65
1643,1,8.8,27.0,4.0,5.76,40.56,0,0.0,0.0
4619,5,0.5,5.0,1.76,0.0,10.56,0,0.0,0.0
1405,0,2.4,11.0,2.85,0.0,17.15,0,0.0,0.0
5621,1,0.7,5.0,0.0,0.0,5.8,1,99.99,89.55
319,2,0.7,6.0,1.95,0.0,11.75,0,0.0,0.0
2818,1,11.48,31.0,0.0,0.0,32.8,1,99.89,38.46
1886,1,1.61,10.0,1.43,0.0,15.73,0,0.0,0.0
4246,1,4.42,17.5,0.0,0.0,21.3,1,99.98,67.65
1323,1,1.43,7.5,2.16,0.0,12.96,0,0.0,0.0
3089,1,1.94,12.0,1.0,0.0,16.3,0,0.0,0.0
4739,1,0.64,5.0,1.66,0.0,9.96,0,0.0,0.0
2304,1,0.9,5.5,1.75,0.0,10.55,0,0.0,0.0
506,1,0.5,6.5,1.0,0.0,10.8,0,0.0,0.0
2877,1,1.1,7.0,2.05,0.0,12.35,0,0.0,0.0
5030,1,20.1,52.0,12.2,5.76,73.26,0,0.0,0.0
5748,1,1.92,8.5,1.86,0.0,11.16,0,0.0,0.0
1741,2,0.45,4.5,0.0,0.0,5.8,1,99.99,89.55
3519,3,7.04,26.0,0.0,0.0,29.3,1,99.96,62.5
6382,1,0.91,5.5,2.0,0.0,11.25,0,0.0,0.0
1941,2,2.6,14.5,0.0,0.0,17.8,1,99.98,81.58
6012,1,2.23,9.5,0.0,0.0,10.8,1,99.99,83.06
2893,1,1.27,11.0,3.06,0.0,18.36,0,0.0,0.0
333,1,2.14,8.0,0.0,0.0,11.8,1,99.99,83.06
4625,1,5.89,23.0,5.26,0.0,31.56,0,0.0,0.0
6424,1,1.7,8.0,0.0,0.0,9.3,1,99.99,89.19
3542,1,2.3,10.0,0.0,0.0,13.8,1,99.99,83.06
4376,1,0.7,6.5,2.16,0.0,12.96,0,0.0,0.0
6276,1,0.89,5.5,1.36,0.0,8.16,0,0.0,0.0
4354,1,7.4,28.0,0.0,0.0,31.8,1,99.95,41.67
3206,1,1.73,10.0,2.0,0.0,16.3,0,0.0,0.0
1732,1,1.25,12.0,3.82,0.0,19.12,0,0.0,0.0
1407,1,1.4,7.5,2.15,0.0,12.95,0,0.0,0.0
1321,1,8.3,31.5,8.7,0.0,43.5,0,0.0,0.0
2310,2,0.8,6.0,1.95,0.0,11.75,0,0.0,0.0
437,2,1.33,8.0,2.26,0.0,13.56,0,0.0,0.0
2312,1,1.14,7.0,2.06,0.0,12.36,0,0.0,0.0
4610,1,3.46,17.0,0.0,0.0,21.3,1,99.98,70.37
3905,1,3.8,17.0,6.05,0.0,26.35,0,0.0,0.0
3106,1,6.3,27.5,0.0,0.0,30.8,1,99.96,41.67
3720,1,1.13,6.0,1.0,0.0,10.3,0,0.0,0.0
743,1,1.5,9.0,2.46,0.0,14.76,0,0.0,0.0
3822,2,0.53,5.0,0.0,0.0,9.3,1,99.99,89.19
259,6,5.53,17.5,2.5,0.0,23.8,0,0.0,0.0
6007,1,1.01,6.0,0.0,0.0,7.3,1,99.99,89.19
932,1,2.41,14.5,3.56,0.0,21.36,0,0.0,0.0
6233,1,1.58,9.0,1.96,0.0,11.76,0,0.0,0.0
1057,1,1.85,12.0,3.16,0.0,18.96,0,0.0,0.0
1721,1,0.92,5.0,0.0,0.0,8.8,1,99.99,89.19
1175,1,0.45,3.5,0.0,0.0,6.8,1,99.99,89.55
599,1,1.86,9.5,0.0,0.0,12.8,1,99.99,83.06
45,1,0.8,12.5,3.15,0.0,18.95,0,0.0,0.0
1765,2,3.98,17.5,0.0,0.0,20.8,1,99.98,70.37
3166,4,1.52,8.5,2.46,0.0,14.76,0,0.0,0.0
323,5,3.27,15.0,0.92,0.0,19.22,0,0.0,0.0
4129,1,3.0,11.0,0.0,0.0,14.3,1,99.98,83.06
5981,1,20.51,54.16,0.0,5.76,60.42,0,44.65,38.46
3404,1,0.91,7.0,0.0,0.0,10.3,1,99.99,89.19
1782,1,0.99,6.0,1.86,0.0,11.16,0,0.0,0.0
3008,4,2.5,11.5,0.0,0.0,14.8,1,99.98,83.06
4182,6,1.65,8.5,1.77,0.0,13.57,0,0.0,0.0
1223,1,0.53,5.0,0.0,0.0,9.3,1,99.99,89.19
4923,2,3.5,17.0,4.15,0.0,24.95,0,0.0,0.0
231,1,0.62,7.5,2.16,0.0,12.96,0,0.0,0.0
576,3,3.48,16.5,4.06,0.0,24.36,0,0.0,0.0
4937,2,1.6,10.0,2.75,0.0,16.55,0,0.0,0.0
5752,1,1.3,7.0,0.0,0.0,7.8,1,99.99,89.19
447,2,2.6,12.0,3.15,0.0,18.95,0,0.0,0.0
3625,5,1.71,16.5,3.0,0.0,22.8,0,0.0,0.0
6049,1,0.8,5.5,1.25,0.0,7.55,0,0.0,0.0
5298,1,1.7,13.5,0.0,0.0,16.8,1,99.98,81.58
2771,1,0.2,3.0,0.0,0.0,4.3,1,99.99,89.55
410,1,1.39,10.5,1.0,0.0,14.8,0,0.0,0.0
41,0,4.5,20.0,0.0,0.0,23.3,1,99.97,67.65
3025,1,1.25,10.5,2.76,0.0,16.56,0,0.0,0.0
5319,1,19.62,52.0,11.06,0.0,66.36,0,0.0,0.0
3053,1,7.03,23.0,4.86,0.0,29.16,0,0.0,0.0
4943,2,1.82,7.0,2.26,0.0,13.56,0,0.0,0.0
1176,1,5.12,15.5,0.0,0.0,16.3,1,99.98,70.37
752,1,0.4,5.0,0.0,0.0,9.3,1,99.99,89.19
19,6,1.08,6.5,1.08,0.0,11.38,0,0.0,0.0
1425,1,0.96,6.0,1.86,0.0,11.16,0,0.0,0.0
1918,1,0.85,5.0,1.76,0.0,10.56,0,0.0,0.0
2181,1,1.38,8.0,1.2,0.0,12.5,0,0.0,0.0
4421,1,2.74,12.5,3.36,0.0,20.16,0,0.0,0.0
626,1,1.3,12.5,3.16,0.0,18.96,0,0.0,0.0
199,1,1.8,11.0,0.0,0.0,14.3,1,99.99,83.06
1738,1,0.56,4.5,1.56,0.0,9.36,0,0.0,0.0
2957,4,1.3,7.5,0.0,0.0,10.8,1,99.99,88.89
681,1,0.71,4.5,1.11,0.0,9.91,0,0.0,0.0
51,4,1.89,12.0,0.0,0.0,15.3,1,99.98,83.06
1219,1,0.31,3.0,1.36,0.0,8.16,0,0.0,0.0
4587,1,2.7,12.5,3.25,0.0,19.55,0,0.0,0.0
2418,1,22.5,52.0,13.0,5.76,74.06,0,0.0,0.0
1074,1,1.17,5.5,1.0,0.0,9.8,0,0.0,0.0
4667,1,1.89,7.5,1.0,0.0,12.8,0,0.0,0.0
4056,2,2.6,10.0,0.0,0.0,13.8,1,99.99,83.06
101,1,1.15,7.0,2.06,0.0,12.36,0,0.0,0.0
5448,1,2.05,9.5,2.56,0.0,15.36,0,0.0,0.0
4850,1,7.16,22.0,1.0,0.0,26.8,0,0.0,0.0
5166,1,1.3,14.5,0.0,0.0,17.8,1,99.98,81.58
620,5,0.96,7.5,0.0,0.0,10.8,1,99.99,83.06
3016,0,3.0,18.5,5.45,0.0,27.25,0,0.0,0.0
5329,1,0.6,6.5,1.95,0.0,11.75,0,0.0,0.0
4113,1,1.7,10.5,2.75,0.0,16.55,0,0.0,0.0
2463,1,1.35,9.5,1.8,0.0,14.6,0,0.0,0.0
1485,1,2.69,13.5,0.0,0.0,16.8,1,99.98,81.58
4981,1,5.9,21.5,2.0,0.0,26.8,0,0.0,0.0
672,1,0.48,4.5,1.56,0.0,9.36,0,0.0,0.0
3150,1,0.7,5.5,0.0,0.0,8.8,1,99.99,89.19
4774,3,2.8,16.5,4.15,0.0,24.95,0,0.0,0.0
4909,1,0.9,6.0,1.85,0.0,11.15,0,0.0,0.0
1010,1,0.64,5.5,0.0,0.0,9.8,1,99.99,89.19
2034,2,0.49,5.0,0.0,0.0,8.3,1,99.99,89.55
4478,1,1.22,8.5,2.36,0.0,14.16,0,0.0,0.0
4342,1,1.5,8.5,2.55,0.0,15.35,0,0.0,0.0
6291,1,3.4,12.0,0.0,0.0,13.3,1,99.98,83.06
1694,1,2.87,13.5,3.46,0.0,20.76,0,0.0,0.0
6190,1,1.93,8.5,0.0,0.0,12.05,1,99.99,83.06
3469,2,0.5,4.5,1.75,0.0,10.55,0,0.0,0.0
2351,1,1.48,11.0,0.0,0.0,14.3,1,99.99,83.06
1902,1,5.9,25.5,0.0,0.0,29.3,1,99.96,62.5
1039,1,1.85,13.0,1.0,0.0,17.3,0,0.0,0.0
3647,1,1.99,8.5,1.0,0.0,12.8,0,0.0,0.0
565,1,1.47,11.5,1.0,0.0,16.3,0,0.0,0.0
1412,1,1.9,9.0,2.66,0.0,15.96,0,0.0,0.0
5391,1,0.95,5.5,0.0,0.0,8.8,1,99.99,89.19
4920,1,1.0,5.5,2.0,0.0,9.3,0,0.0,0.0
5064,1,1.0,6.0,2.75,0.0,12.05,0,0.0,0.0
1034,1,1.5,7.5,2.8,0.0,14.1,0,0.0,0.0
907,2,0.59,4.0,0.0,0.0,7.8,1,99.99,89.55
5521,1,6.1,28.0,0.0,0.0,28.5,1,99.96,62.5
3231,1,1.12,6.0,1.0,0.0,10.3,0,0.0,0.0
408,2,0.83,8.5,3.2,0.0,16.0,0,0.0,0.0
5642,1,3.3,16.0,0.0,0.0,16.8,1,99.98,81.58
325,2,1.7,10.5,0.0,0.0,13.8,1,99.99,83.06
3395,1,6.98,20.5,0.0,0.0,23.8,1,99.97,67.65
2144,1,3.3,12.5,3.26,0.0,19.56,0,0.0,0.0
290,1,0.77,7.0,2.06,0.0,12.36,0,0.0,0.0
6064,2,1.54,7.5,0.0,0.0,8.8,1,99.99,89.19
3488,6,2.33,17.0,3.04,0.0,23.34,0,0.0,0.0
4253,1,1.1,9.5,1.0,0.0,13.8,0,0.0,0.0
3646,2,0.6,8.0,2.25,0.0,13.55,0,0.0,0.0
3107,1,10.54,40.0,12.26,5.76,61.32,0,0.0,0.0
2926,2,0.5,4.5,1.56,0.0,9.36,0,0.0,0.0
1446,1,3.5,14.0,0.0,0.0,17.8,1,99.98,70.37
5709,1,2.1,9.5,0.0,0.0,10.3,1,99.99,83.06
5407,6,5.39,19.0,0.0,0.0,22.3,1,99.97,67.65
755,4,0.66,4.5,1.66,0.0,9.96,0,0.0,0.0
2298,1,1.61,7.5,1.0,0.0,12.3,0,0.0,0.0
371,1,1.04,6.0,0.0,0.0,9.3,1,99.99,89.19
1426,1,2.33,11.5,4.44,0.0,19.24,0,0.0,0.0
4870,6,19.94,52.0,0.0,5.76,61.06,0,45.51,38.46
3954,1,1.42,6.0,1.86,0.0,11.16,0,0.0,0.0
6060,1,1.2,7.0,0.0,0.0,7.8,1,99.99,89.19
1483,2,0.51,5.5,2.45,0.0,12.25,0,0.0,0.0
2291,1,0.4,5.5,1.32,0.0,10.12,0,0.0,0.0
3481,2,0.86,4.5,1.24,0.0,9.54,0,0.0,0.0
1153,1,0.7,5.0,0.0,0.0,8.8,1,99.99,89.19
2728,1,5.75,23.0,3.7,0.0,31.0,0,0.0,0.0
2706,1,1.7,7.5,2.26,0.0,13.56,0,0.0,0.0
1345,5,1.31,8.0,0.0,0.0,11.3,1,99.99,83.06
3794,1,1.42,9.0,1.5,0.0,13.8,0,0.0,0.0
6297,1,1.05,6.0,0.0,0.0,7.3,1,99.99,89.19
1575,1,2.92,12.0,3.16,0.0,18.96,0,0.0,0.0
1433,1,3.5,14.0,0.0,0.0,17.3,1,99.98,81.58
1881,2,0.8,5.0,1.75,0.0,10.55,0,0.0,0.0
3947,2,0.55,3.5,0.0,0.0,7.3,1,99.99,89.55
3321,1,1.7,15.0,0.0,0.0,18.3,1,99.98,81.58
4871,1,0.53,4.0,2.34,0.0,10.14,0,0.0,0.0
1340,1,1.14,6.0,0.0,0.0,9.3,1,99.99,89.19
4155,1,0.8,6.0,0.0,0.0,9.3,1,99.99,89.19
2313,5,1.32,7.0,0.0,0.0,10.3,1,99.99,83.06
1421,5,2.68,10.0,2.14,0.0,16.44,0,0.0,0.0
2517,2,1.0,5.5,1.86,0.0,11.16,0,0.0,0.0
122,2,2.0,9.5,1.62,0.0,12.42,0,0.0,0.0
5475,1,1.83,11.5,0.0,0.0,13.3,1,99.99,83.06
6167,1,4.28,15.0,0.0,0.0,15.5,1,99.98,70.37
1893,1,0.77,11.5,0.0,0.0,14.8,1,99.99,83.06
5469,1,2.0,9.0,1.96,0.0,11.76,0,0.0,0.0
5591,2,1.66,7.5,0.0,0.0,9.3,1,99.99,89.19
5271,1,0.64,6.0,1.0,0.0,10.3,0,0.0,0.0
2440,1,2.33,12.5,4.08,0.0,20.38,0,0.0,0.0
4020,0,0.4,5.5,1.0,0.0,9.8,0,0.0,0.0
4691,1,3.25,15.0,0.0,0.0,18.8,1,99.98,70.37
439,1,1.94,9.5,2.2,0.0,15.5,0,0.0,0.0
5978,1,4.95,19.71,0.0,0.0,20.21,1,99.98,67.65
3958,1,19.11,52.0,11.71,5.76,70.27,0,0.0,0.0
1992,2,10.97,32.0,0.0,0.0,33.3,1,99.9,38.46
1193,2,0.9,6.0,1.0,0.0,10.8,0,0.0,0.0
6110,1,2.95,17.5,0.0,0.0,18.3,1,99.98,70.37
4264,1,0.0,14.0,2.86,0.0,17.16,0,0.0,0.0
2124,1,16.57,46.01,0.0,0.0,46.81,1,99.07,38.46
3657,1,2.1,11.0,2.95,0.0,17.75,0,0.0,0.0
1079,2,1.39,9.0,1.5,0.0,14.8,0,0.0,0.0
3535,1,1.9,8.5,2.46,0.0,14.76,0,0.0,0.0
2080,0,2.0,9.0,0.0,0.0,12.3,1,99.99,83.06
2829,2,1.2,6.0,0.0,0.0,9.3,1,99.99,89.19
4983,0,5.9,21.0,4.95,0.0,29.75,0,0.0,0.0
3534,1,1.6,8.5,2.95,0.0,14.75,0,0.0,0.0
3277,3,3.8,20.0,4.85,0.0,29.15,0,0.0,0.0
3288,1,0.97,6.0,1.54,0.0,11.84,0,0.0,0.0
279,1,2.1,12.0,3.25,0.0,19.55,0,0.0,0.0
4275,1,0.46,5.0,1.66,0.0,9.96,0,0.0,0.0
3563,1,1.3,11.5,2.0,0.0,16.8,0,0.0,0.0
3505,1,0.6,5.5,0.0,0.0,8.8,1,99.99,89.19
982,1,0.73,6.5,0.0,0.0,9.8,1,99.99,89.19
5540,1,1.2,6.5,0.0,0.0,7.8,1,99.99,89.19
3308,1,1.5,8.5,0.0,0.0,12.3,1,99.99,83.06
4371,1,2.96,18.0,1.1,0.0,22.4,0,0.0,0.0
4367,3,0.95,5.0,0.0,0.0,8.3,1,99.99,89.55
2387,1,1.8,69.06,20.8,0.0,90.16,0,0.0,0.0
2302,1,0.3,4.0,1.55,0.0,9.35,0,0.0,0.0
2083,1,0.69,5.0,2.08,0.0,10.38,0,0.0,0.0
3499,6,9.84,28.5,4.0,0.0,36.3,0,0.0,0.0
4125,1,16.9,52.0,6.1,5.76,67.16,0,0.0,0.0
5845,1,0.52,4.0,0.0,0.0,4.8,1,99.99,89.55
5970,2,0.46,3.5,0.0,0.0,4.3,1,99.99,89.55
5587,1,10.1,30.5,0.0,0.0,31.8,1,99.92,38.46
6120,1,4.69,22.0,0.0,0.0,22.8,1,99.97,67.65
577,4,1.3,6.0,1.0,0.0,10.3,0,0.0,0.0
3872,1,0.84,5.5,1.76,0.0,10.56,0,0.0,0.0
5629,1,1.0,7.5,0.0,0.0,8.8,1,99.99,89.19
787,1,6.23,19.0,4.56,0.0,27.36,0,0.0,0.0
3656,1,1.49,6.5,0.0,0.0,9.8,1,99.99,89.19
1545,1,0.9,5.5,1.85,0.0,11.15,0,0.0,0.0
1870,6,0.54,4.5,1.26,0.0,7.56,0,0.0,0.0
4066,2,0.99,7.5,2.82,0.0,14.12,0,0.0,0.0
1119,1,2.3,9.5,0.0,0.0,12.8,1,99.99,83.06
6197,1,0.87,6.0,0.0,0.0,6.8,1,99.99,89.19
2684,1,8.51,29.5,0.0,0.0,31.3,1,99.94,41.67
1357,1,0.74,8.5,0.0,0.0,11.8,1,99.99,83.06
2232,1,1.5,7.5,2.25,0.0,13.55,0,0.0,0.0
321,2,1.1,7.0,1.75,0.0,12.05,0,0.0,0.0
2519,1,1.05,6.5,0.0,0.0,10.3,1,99.99,89.19
3859,1,0.7,5.0,1.65,0.0,9.95,0,0.0,0.0
5093,1,1.4,13.0,0.0,0.0,17.3,1,99.98,81.58
2579,2,9.4,28.0,4.0,5.76,39.06,0,0.0,0.0
2166,1,4.77,19.0,0.0,0.0,23.3,1,99.98,67.65
6283,1,0.93,5.5,0.0,0.0,6.3,1,99.99,89.55
3821,1,3.3,12.0,3.15,0.0,18.95,0,0.0,0.0
2988,1,0.4,4.0,0.0,0.0,7.3,1,99.99,89.55
6254,1,0.8,5.5,1.26,0.0,7.56,0,0.0,0.0
3573,1,0.8,5.5,0.0,0.0,8.8,1,99.99,89.19
3770,1,1.78,9.5,0.0,0.0,13.3,1,99.99,83.06
4287,2,1.58,8.0,0.0,0.0,12.3,1,99.99,83.06
5067,1,1.1,9.5,0.0,0.0,12.8,1,99.99,83.06
2941,1,4.23,19.0,2.5,0.0,24.8,0,0.0,0.0
245,1,2.62,12.0,3.06,0.0,18.36,0,0.0,0.0
420,0,0.7,5.5,1.75,0.0,10.55,0,0.0,0.0
4472,2,0.55,4.5,1.66,0.0,9.96,0,0.0,0.0
553,1,0.83,5.0,1.86,0.0,11.16,0,0.0,0.0
373,1,3.59,17.0,1.0,0.0,21.3,0,0.0,0.0
2303,2,3.32,12.5,2.0,0.0,18.3,0,0.0,0.0
736,1,4.5,18.0,0.0,0.0,22.3,1,99.98,67.65
4970,0,0.2,3.5,2.15,0.0,9.45,0,0.0,0.0
3807,1,4.9,25.0,2.0,0.0,30.3,0,0.0,0.0
1504,1,1.4,8.0,2.8,0.0,14.1,0,0.0,0.0
3578,1,2.3,13.0,3.45,0.0,20.75,0,0.0,0.0
5158,1,0.9,5.5,1.86,0.0,11.16,0,0.0,0.0
2850,1,1.0,5.0,1.66,0.0,9.96,0,0.0,0.0
4701,1,0.7,5.0,0.42,0.0,8.72,0,0.0,0.0
3203,4,1.4,6.5,0.0,0.0,9.8,1,99.99,89.19
1192,1,9.49,31.0,6.36,0.0,38.16,0,0.0,0.0
2268,1,2.74,9.5,2.2,0.0,16.0,0,0.0,0.0
1612,1,3.34,13.0,0.0,0.0,17.3,1,99.98,81.58
1195,4,1.46,13.5,3.36,0.0,20.16,0,0.0,0.0
5368,1,0.7,4.5,1.55,0.0,9.35,0,0.0,0.0
1032,1,2.6,12.0,0.0,0.0,15.8,1,99.98,81.58
5960,1,8.26,26.0,6.11,0.0,36.66,0,0.0,0.0
181,2,0.71,6.0,0.0,0.0,9.3,1,99.99,89.19
794,2,2.15,16.0,3.86,0.0,23.16,0,0.0,0.0
1919,1,2.36,11.5,3.82,0.0,19.12,0,0.0,0.0
1973,3,3.08,13.5,2.52,0.0,19.32,0,0.0,0.0
1755,1,1.5,13.5,3.36,0.0,20.16,0,0.0,0.0
4103,1,0.81,5.5,1.0,0.0,9.8,0,0.0,0.0
1352,1,1.27,7.5,2.26,0.0,13.56,0,0.0,0.0
2770,1,1.35,6.0,1.96,0.0,11.76,0,0.0,0.0
5839,1,7.15,23.0,0.0,0.0,27.05,1,99.96,62.5
5075,3,1.0,5.0,1.76,0.0,10.56,0,0.0,0.0
5771,1,1.9,8.5,1.95,0.0,11.75,0,0.0,0.0
865,1,2.25,12.5,0.0,0.0,15.8,1,99.98,81.58
530,2,1.46,8.0,1.2,0.0,12.5,0,0.0,0.0
1215,2,10.0,28.5,5.95,0.0,35.75,0,0.0,0.0
3290,1,1.4,8.0,0.0,0.0,12.3,1,99.99,83.06
5840,1,22.51,60.52,0.0,5.76,66.78,0,17.18,33.33
5338,2,0.6,5.0,1.65,0.0,9.95,0,0.0,0.0
1894,3,2.9,14.0,3.55,0.0,21.35,0,0.0,0.0
710,1,1.31,9.0,0.0,0.0,12.3,1,99.99,83.06
3442,2,1.1,6.5,2.15,0.0,12.95,0,0.0,0.0
4649,1,5.02,23.0,0.0,0.0,27.3,1,99.97,67.65
3580,2,6.7,25.5,5.75,0.0,34.55,0,0.0,0.0
5402,1,1.36,7.0,0.0,0.0,11.3,1,99.99,88.89
2245,1,2.0,8.0,2.25,0.0,13.55,0,0.0,0.0
4038,1,6.16,35.0,0.0,0.0,36.8,1,99.93,38.46
4252,2,0.98,4.5,0.0,0.0,5.8,1,99.99,89.55
2656,6,7.06,22.0,4.66,0.0,27.96,0,0.0,0.0
4945,5,0.67,6.5,1.96,0.0,11.76,0,0.0,0.0
6272,1,2.2,9.5,0.0,0.0,10.8,1,99.99,83.06
3303,2,1.0,7.0,0.0,0.0,10.3,1,99.99,89.19
5438,6,1.7,8.0,1.0,0.0,12.3,0,0.0,0.0
3026,1,3.9,15.5,5.75,0.0,25.05,0,0.0,0.0
4628,2,5.44,17.0,2.0,0.0,22.8,0,0.0,0.0
5944,1,0.97,6.0,2.11,0.0,12.66,0,0.0,0.0
1706,2,2.0,8.5,1.0,0.0,13.3,0,0.0,0.0
5924,1,0.94,5.5,0.0,0.0,6.3,1,99.99,89.55
4772,1,0.72,5.5,1.46,0.0,8.76,0,0.0,0.0
4025,1,5.8,21.0,4.85,0.0,29.15,0,0.0,0.0
15,3,2.09,13.5,0.0,0.0,16.8,1,99.98,81.58
5807,1,0.47,4.0,0.0,0.0,5.3,1,99.99,89.55
2966,1,1.11,6.0,2.32,0.0,11.62,0,0.0,0.0
1158,1,0.66,5.0,1.0,0.0,10.3,0,0.0,0.0
315,1,1.2,8.0,1.5,0.0,13.3,0,0.0,0.0
2887,2,0.8,4.5,0.0,0.0,7.8,1,99.99,89.55
4559,1,1.5,9.0,2.55,0.0,15.35,0,0.0,0.0
1235,1,2.1,10.5,1.0,0.0,14.8,0,0.0,0.0
1544,1,0.84,5.5,2.2,0.0,11.0,0,0.0,0.0
4379,1,3.37,13.0,1.0,0.0,17.8,0,0.0,0.0
2751,1,0.65,4.0,0.0,0.0,7.8,1,99.99,89.55
1557,1,1.7,11.5,3.7,0.0,18.5,0,0.0,0.0
5901,1,2.1,9.5,0.0,0.0,10.8,1,99.99,83.06
1047,4,1.89,15.0,0.0,0.0,18.3,1,99.98,81.58
2815,3,6.04,19.0,4.46,0.0,26.76,0,0.0,0.0
1174,2,0.9,6.5,0.0,0.0,9.8,1,99.99,89.19
4709,3,4.93,18.5,4.46,0.0,26.76,0,0.0,0.0
3662,1,1.4,10.5,0.0,0.0,14.8,1,99.99,83.06
1657,1,17.1,52.0,0.0,0.0,55.3,1,97.8,38.46
1670,1,2.18,10.0,2.82,0.0,14.12,0,0.0,0.0
4962,1,2.54,12.5,3.16,0.0,18.96,0,0.0,0.0
4355,1,2.1,10.0,2.85,0.0,17.15,0,0.0,0.0
5649,1,1.05,6.5,0.0,0.0,7.3,1,99.99,89.19
5245,1,2.98,14.0,0.0,0.0,17.3,1,99.98,81.58
5099,1,1.0,6.5,1.55,0.0,11.85,0,0.0,0.0
4012,1,3.82,16.0,3.0,0.0,22.8,0,0.0,0.0
5985,1,1.2,7.5,0.0,0.0,8.8,1,99.99,89.19
2542,1,1.4,8.5,3.2,0.0,16.0,0,0.0,0.0
4098,1,0.6,5.0,1.0,0.0,9.3,0,0.0,0.0
3279,6,6.66,23.5,5.46,0.0,32.76,0,0.0,0.0
1499,3,2.29,10.5,2.86,0.0,17.16,0,0.0,0.0
4816,5,9.73,28.0,5.0,0.0,34.8,0,0.0,0.0
4996,1,10.9,35.0,11.45,0.0,49.75,0,0.0,0.0
2987,1,1.71,8.5,2.46,0.0,14.76,0,0.0,0.0
3018,1,2.02,9.5,2.0,0.0,15.3,0,0.0,0.0
4765,1,0.97,5.5,1.76,0.0,10.56,0,0.0,0.0
676,2,17.13,52.0,12.21,5.76,73.27,0,0.0,0.0
586,1,3.2,18.5,0.0,0.0,21.8,1,99.98,70.37
2098,1,1.38,7.0,2.16,0.0,12.96,0,0.0,0.0
1737,1,3.7,12.0,0.0,0.0,13.8,1,99.98,81.58
2323,1,1.21,6.5,0.0,0.0,9.8,1,99.99,89.19
5040,1,1.77,8.5,2.46,0.0,14.76,0,0.0,0.0
5417,1,2.1,10.5,4.0,0.0,17.8,0,0.0,0.0
3487,1,1.2,6.5,2.05,0.0,12.35,0,0.0,0.0
4783,1,0.75,5.0,1.0,0.0,9.8,0,0.0,0.0
8,1,3.63,15.0,1.0,0.0,19.3,0,0.0,0.0
4121,2,1.89,8.5,2.95,0.0,14.75,0,0.0,0.0
4251,1,9.93,28.5,7.51,5.76,45.07,0,0.0,0.0
2627,5,1.19,7.0,1.0,0.0,11.3,0,0.0,0.0
4466,1,14.8,43.5,0.0,0.0,47.3,1,99.4,38.46
1654,1,1.03,6.5,1.96,0.0,11.76,0,0.0,0.0
4591,2,0.9,6.0,2.94,0.0,12.74,0,0.0,0.0
549,1,3.29,17.5,5.32,0.0,26.62,0,0.0,0.0
5148,2,1.46,7.0,0.0,0.0,7.8,1,99.99,89.19
742,1,1.32,8.5,0.0,0.0,11.8,1,99.99,83.06
6228,2,4.5,21.5,0.0,0.0,23.3,1,99.98,67.65
4664,1,0.4,9.5,1.0,0.0,13.8,0,0.0,0.0
691,1,1.4,8.0,2.95,0.0,14.75,0,0.0,0.0
4161,1,0.53,4.0,0.0,0.0,8.3,1,99.99,89.55
1354,1,0.5,5.5,0.0,0.0,9.3,1,99.99,89.19
2415,1,6.8,21.0,0.0,0.0,21.8,1,99.97,67.65
6326,1,4.71,17.5,8.08,0.0,27.38,0,0.0,0.0
6206,1,1.37,7.5,1.5,0.0,12.55,0,0.0,0.0
426,4,3.04,12.0,3.16,0.0,18.96,0,0.0,0.0
652,1,1.2,8.0,1.5,0.0,12.8,0,0.0,0.0
33,2,0.65,4.5,2.49,0.0,10.79,0,0.0,0.0
5012,1,1.4,7.5,0.0,0.0,10.8,1,99.99,88.89
964,1,1.47,8.0,0.0,0.0,12.3,1,99.99,83.06
44,1,9.37,29.5,1.0,0.0,33.8,0,0.0,0.0
2618,1,4.7,16.5,0.0,0.0,20.8,1,99.98,67.65
2045,2,1.07,11.5,2.96,0.0,17.76,0,0.0,0.0
1951,2,16.7,52.0,12.21,5.76,73.27,0,0.0,0.0
1720,1,0.6,5.0,0.0,0.0,9.3,1,99.99,89.19
1562,1,3.73,24.0,0.0,0.0,27.8,1,99.97,67.65
1699,1,0.6,5.0,0.0,0.0,8.8,1,99.99,89.19
1965,1,10.5,30.5,7.91,5.76,47.47,0,0.0,0.0
4166,1,1.96,9.5,2.56,0.0,15.36,0,0.0,0.0
1520,1,0.54,4.0,2.34,0.0,10.14,0,0.0,0.0
1844,1,2.9,18.0,5.3,0.0,26.6,0,0.0,0.0
1897,1,1.68,10.0,0.0,0.0,13.3,1,99.99,83.06
1514,2,0.98,5.0,1.66,0.0,9.96,0,0.0,0.0
6232,3,0.8,6.0,0.0,0.0,7.8,1,99.99,89.19
3361,2,0.5,4.0,1.66,0.0,9.96,0,0.0,0.0
6158,1,1.32,8.0,1.96,0.0,11.76,0,0.0,0.0
6214,5,4.3,18.5,0.0,0.0,19.3,1,99.98,67.65
63,4,1.02,5.5,0.0,0.0,9.3,1,99.99,89.19
4402,1,0.8,5.5,1.76,0.0,10.56,0,0.0,0.0
4750,1,1.38,7.5,2.16,0.0,12.96,0,0.0,0.0
4359,1,1.9,9.0,0.0,0.0,9.8,1,99.99,83.06
3379,1,1.1,5.5,1.85,0.0,11.15,0,0.0,0.0
435,1,2.04,16.5,0.0,0.0,20.8,1,99.98,70.37
2484,1,1.27,7.5,1.24,0.0,12.54,0,0.0,0.0
4936,3,0.7,5.0,0.0,0.0,9.3,1,99.99,89.19
227,1,3.79,19.5,4.56,0.0,29.31,0,0.0,0.0
5372,1,1.6,7.5,2.0,0.0,13.3,0,0.0,0.0
5193,1,8.9,26.5,6.05,0.0,36.35,0,0.0,0.0
3350,2,0.7,5.0,0.0,0.0,8.8,1,99.99,89.19
3312,2,11.2,36.0,11.25,5.76,56.31,0,0.0,0.0
3909,1,0.64,6.0,1.5,0.0,10.8,0,0.0,0.0
6093,1,9.6,31.5,0.0,0.0,32.3,1,99.92,38.46
179,1,0.84,6.0,0.0,0.0,9.3,1,99.99,89.19
5196,2,1.27,6.0,0.0,0.0,9.3,1,99.99,89.19
969,2,1.15,6.0,0.46,0.0,9.76,0,0.0,0.0
4290,1,0.4,5.0,1.65,0.0,9.95,0,0.0,0.0
4194,1,1.52,10.0,2.0,0.0,15.3,0,0.0,0.0
1103,1,2.11,13.0,3.46,0.0,20.76,0,0.0,0.0
6045,1,2.12,8.5,2.41,0.0,14.46,0,0.0,0.0
3550,2,2.3,10.0,2.75,0.0,16.55,0,0.0,0.0
1383,1,1.79,13.0,3.26,0.0,19.56,0,0.0,0.0
5632,1,0.48,5.0,0.0,0.0,5.8,1,99.99,89.55
2510,2,0.89,7.5,1.0,0.0,11.8,0,0.0,0.0
4878,1,0.4,3.5,0.0,0.0,6.8,1,99.99,89.55
3260,1,0.74,5.5,1.25,0.0,10.05,0,0.0,0.0
994,2,1.54,9.5,2.56,0.0,15.36,0,0.0,0.0
5497,1,2.46,14.5,0.0,0.0,15.3,1,99.98,81.58
3948,1,0.37,3.5,0.0,0.0,6.8,1,99.99,89.55
5566,1,3.52,15.0,0.0,0.0,16.3,1,99.98,81.58
2552,1,0.6,5.5,1.75,0.0,10.55,0,0.0,0.0
1512,1,1.3,9.5,0.0,0.0,12.8,1,99.99,83.06
3552,1,1.27,10.5,2.96,0.0,17.76,0,0.0,0.0
1090,1,2.6,11.5,2.95,0.0,17.75,0,0.0,0.0
5300,2,1.4,10.5,1.0,0.0,14.8,0,0.0,0.0
6294,1,9.84,32.5,0.0,0.0,36.05,1,99.9,38.46
5038,1,4.62,18.5,4.46,0.0,26.76,0,0.0,0.0
4151,3,4.69,18.5,3.5,0.0,25.8,0,0.0,0.0
3246,2,4.5,17.0,0.0,0.0,20.8,1,99.98,67.65
6309,1,1.97,13.0,1.66,0.0,18.21,0,0.0,0.0
5107,1,1.5,6.5,2.05,0.0,12.35,0,0.0,0.0
4414,1,4.2,17.0,4.8,5.76,28.86,0,0.0,0.0
6397,1,1.57,7.5,0.0,0.0,8.8,1,99.99,89.19
2346,2,7.38,25.0,0.0,0.0,25.8,1,99.96,62.5
1550,1,0.9,6.5,0.5,0.0,7.8,0,0.0,0.0
4307,4,0.34,3.0,0.0,0.0,6.8,1,99.99,89.55
1864,1,4.12,15.0,0.08,0.0,18.88,0,0.0,0.0
6338,1,2.82,14.0,0.0,0.0,14.8,1,99.98,81.58
6100,1,0.76,8.0,0.0,0.0,9.8,1,99.99,89.19
6152,1,6.62,33.54,0.0,0.0,34.04,1,99.94,41.67
2254,2,4.5,17.0,0.0,0.0,21.3,1,99.98,67.65
4724,1,1.0,8.0,2.25,0.0,13.55,0,0.0,0.0
3270,5,2.83,11.0,2.0,0.0,16.3,0,0.0,0.0
3014,2,9.41,27.5,0.0,0.0,30.8,1,99.94,41.67
1945,1,1.21,7.0,0.0,0.0,7.8,1,99.99,89.19
473,2,2.46,15.5,3.76,0.0,22.56,0,0.0,0.0
641,0,0.5,5.0,1.25,0.0,9.55,0,0.0,0.0
3165,1,1.0,5.0,0.0,0.0,8.8,1,99.99,89.19
3372,0,1.3,8.5,0.0,0.0,11.8,1,99.99,83.06
4674,1,0.56,5.0,0.0,0.0,8.3,1,99.99,89.19
4898,1,2.2,9.0,0.0,0.0,12.3,1,99.99,83.06
5361,4,2.51,20.0,4.56,0.0,27.36,0,0.0,0.0
6174,1,1.17,6.5,0.0,0.0,7.3,1,99.99,89.19
297,2,1.07,8.0,2.26,0.0,13.56,0,0.0,0.0
303,1,5.6,19.0,0.0,0.0,22.8,1,99.97,67.65
1869,1,1.0,7.5,0.0,0.0,11.3,1,99.99,88.89
6114,1,0.72,5.0,1.26,0.0,7.56,0,0.0,0.0
5339,1,1.06,8.0,2.36,0.0,14.16,0,0.0,0.0
1374,1,0.8,6.0,0.0,0.0,6.8,1,99.99,89.19
3357,1,1.1,6.0,1.95,0.0,11.75,0,0.0,0.0
655,1,1.18,8.0,0.0,0.0,11.3,1,99.99,88.89
3133,1,1.87,8.0,0.0,0.0,11.3,1,99.99,83.06
5274,2,3.16,15.5,3.76,0.0,22.56,0,0.0,0.0
3460,1,0.7,8.5,2.35,0.0,14.15,0,0.0,0.0
240,1,10.1,32.0,5.5,5.76,47.06,0,0.0,0.0
783,5,0.34,4.0,0.73,0.0,8.03,0,0.0,0.0
1018,1,1.7,7.0,2.0,0.0,12.8,0,0.0,0.0
2477,4,4.19,18.5,0.0,0.0,21.8,1,99.98,67.65
977,1,0.5,3.5,0.0,0.0,7.8,1,99.99,89.55
5231,2,1.4,8.0,3.0,0.0,14.8,0,0.0,0.0
2149,1,9.9,36.5,0.0,5.76,46.56,1,97.5,38.46
1477,6,1.55,9.5,2.76,0.0,16.56,0,0.0,0.0
257,1,1.13,7.0,1.7,0.0,13.0,0,0.0,0.0
893,1,1.95,9.5,2.56,0.0,15.36,0,0.0,0.0
4917,1,16.3,52.0,12.2,5.76,73.26,0,0.0,0.0
3802,1,6.6,23.0,0.0,0.0,26.3,1,99.96,67.65
1862,2,7.42,23.0,6.7,0.0,33.5,0,0.0,0.0
3034,3,3.75,15.0,3.66,0.0,21.96,0,0.0,0.0
6119,2,14.09,54.0,0.0,0.0,55.8,1,98.88,38.46
4993,1,1.5,8.5,0.0,0.0,11.8,1,99.99,83.06
2002,1,1.1,7.5,2.26,0.0,13.56,0,0.0,0.0
6271,1,2.95,13.5,0.0,0.0,14.3,1,99.98,81.58
1770,2,1.26,6.0,0.0,0.0,9.8,1,99.99,89.19
5412,4,4.86,17.5,4.36,0.0,26.16,0,0.0,0.0
4928,1,0.96,8.0,0.0,0.0,11.3,1,99.99,88.89
1375,2,4.17,19.5,4.56,0.0,27.36,0,0.0,0.0
5668,1,11.43,33.53,0.0,5.76,39.79,1,98.0,38.46
1419,1,1.45,6.0,1.0,0.0,10.8,0,0.0,0.0
2112,1,8.3,28.5,2.2,0.0,35.0,0,0.0,0.0
1330,5,0.81,6.5,2.7,0.0,13.5,0,0.0,0.0
3528,1,6.13,24.0,0.0,0.0,27.3,1,99.96,67.65
3403,1,7.4,21.5,3.0,0.0,25.8,0,0.0,0.0
4210,1,3.79,14.0,0.0,0.0,17.8,1,99.98,70.37
3410,1,2.32,15.5,3.76,0.0,22.56,0,0.0,0.0
124,1,1.79,9.5,1.0,0.0,13.8,0,0.0,0.0
1393,1,0.6,5.0,2.6,0.0,11.4,0,0.0,0.0
3739,1,1.03,6.5,1.96,0.0,11.76,0,0.0,0.0
2053,1,3.7,12.5,0.0,0.0,15.8,1,99.98,81.58
2328,1,16.75,52.0,5.5,5.76,66.56,0,0.0,0.0
2664,3,0.73,5.0,0.0,0.0,8.8,1,99.99,89.19
598,1,0.82,7.0,0.0,0.0,10.3,1,99.99,89.19
75,1,7.95,30.0,0.0,0.0,33.8,1,99.94,41.67
4336,1,1.28,9.5,0.0,0.0,13.8,1,99.99,83.06
4258,4,1.65,8.0,2.26,0.0,13.56,0,0.0,0.0
1665,1,2.83,12.0,0.0,0.0,16.3,1,99.98,81.58
3336,1,1.7,14.0,2.0,0.0,16.3,0,0.0,0.0
4162,1,9.16,31.67,0.0,0.0,32.47,1,99.93,38.46
149,1,1.72,7.5,0.0,0.0,8.3,1,99.99,89.19
453,1,9.0,35.5,7.95,0.0,47.75,0,0.0,0.0
1634,1,9.38,28.5,7.51,5.76,45.07,0,0.0,0.0
1360,1,0.9,7.5,1.0,0.0,11.8,0,0.0,0.0
1487,1,1.04,7.5,1.3,0.0,12.1,0,0.0,0.0
808,1,2.78,11.5,3.06,0.0,18.36,0,0.0,0.0
5153,1,0.5,4.5,1.0,0.0,8.8,0,0.0,0.0
3176,5,2.18,9.0,2.56,0.0,15.36,0,0.0,0.0
810,6,1.46,7.0,2.0,0.0,12.8,0,0.0,0.0
834,1,1.8,10.0,2.65,0.0,15.95,0,0.0,0.0
1411,1,1.6,7.0,1.24,0.0,11.54,0,0.0,0.0
4935,1,1.99,10.0,2.76,0.0,16.56,0,0.0,0.0
6150,1,0.78,4.5,0.0,0.0,5.3,1,99.99,89.55
5993,1,0.54,4.0,0.0,0.0,5.8,1,99.99,89.55
1669,1,2.34,15.5,0.0,0.0,19.3,1,99.98,70.37
4369,1,0.77,6.0,0.5,0.0,9.8,0,0.0,0.0
5994,1,0.62,4.0,0.0,0.0,4.8,1,99.99,89.55
1335,1,4.04,16.5,3.0,0.0,22.8,0,0.0,0.0
5820,2,14.67,43.0,0.0,0.0,44.3,1,99.54,38.46
1027,1,1.49,8.0,0.0,0.0,11.3,1,99.99,83.06
6063,1,1.23,7.0,0.0,0.0,7.8,1,99.99,89.19
6199,1,1.99,8.5,0.0,0.0,9.8,1,99.99,88.89
349,1,1.33,6.5,2.06,0.0,12.36,0,0.0,0.0
1554,2,1.37,7.0,1.62,0.0,12.42,0,0.0,0.0
5260,1,8.7,27.0,9.25,5.76,46.31,0,0.0,0.0
172,1,1.24,8.0,0.0,0.0,11.3,1,99.99,88.89
5294,1,5.95,25.5,2.0,0.0,30.8,0,0.0,0.0
4147,3,3.7,15.0,0.0,0.0,18.8,1,99.98,70.37
422,2,0.8,6.0,2.05,0.0,12.35,0,0.0,0.0
2004,1,0.6,4.5,1.56,0.0,9.36,0,0.0,0.0
881,1,1.3,7.5,2.35,0.0,14.15,0,0.0,0.0
2543,4,5.8,21.0,5.0,0.0,29.8,0,0.0,0.0
5661,1,1.77,9.5,0.0,0.0,10.3,1,99.99,83.06
2164,1,11.13,36.02,0.0,0.0,36.32,1,99.87,38.46
4031,1,1.8,11.0,2.0,0.0,17.3,0,0.0,0.0
102,1,1.2,6.5,0.0,0.0,9.8,1,99.99,89.19
3698,1,7.88,32.0,0.0,0.0,32.8,1,99.94,41.67
2402,3,19.2,84.0,0.0,0.0,85.3,0,41.91,38.46
5150,1,2.13,9.5,3.45,0.0,17.25,0,0.0,0.0
2029,1,17.1,50.0,10.65,0.0,63.95,0,0.0,0.0
1509,1,13.27,44.5,6.0,5.76,57.06,0,0.0,0.0
2619,1,1.0,7.5,0.0,0.0,10.8,1,99.99,88.89
6322,1,5.39,17.0,3.76,0.0,22.56,0,0.0,0.0
4733,1,3.1,13.5,5.3,0.0,23.1,0,0.0,0.0
135,1,0.9,8.5,2.5,0.0,15.3,0,0.0,0.0
1414,1,3.5,17.0,4.05,0.0,24.35,0,0.0,0.0
3163,2,2.34,13.5,4.2,0.0,21.0,0,0.0,0.0
4274,1,1.2,6.5,1.65,0.0,9.95,0,0.0,0.0
1879,2,4.7,16.5,5.08,0.0,25.38,0,0.0,0.0
1181,3,0.5,5.0,1.24,0.0,9.54,0,0.0,0.0
5430,2,2.2,9.0,2.56,0.0,15.36,0,0.0,0.0
1496,2,0.7,5.5,1.75,0.0,10.55,0,0.0,0.0
807,1,2.36,9.5,2.66,0.0,15.96,0,0.0,0.0
4004,2,2.23,11.0,0.0,0.0,14.3,1,99.99,83.06
879,1,2.3,10.0,1.0,0.0,14.8,0,0.0,0.0
6104,1,0.9,6.0,1.0,0.0,8.8,0,0.0,0.0
4827,1,2.68,11.0,1.0,0.0,15.8,0,0.0,0.0
799,6,0.91,10.5,3.45,0.0,17.25,0,0.0,0.0
354,5,13.57,45.0,13.52,5.76,67.58,0,0.0,0.0
5781,1,0.78,6.0,0.0,0.0,7.3,1,99.99,89.19
1073,2,0.46,5.5,0.0,0.0,9.8,1,99.99,89.19
3326,1,0.8,12.0,3.8,0.0,19.1,0,0.0,0.0
144,1,3.2,12.5,2.0,0.0,17.8,0,0.0,0.0
380,1,1.1,7.0,3.05,0.0,13.35,0,0.0,0.0
1934,1,2.5,20.0,5.0,0.0,28.3,0,0.0,0.0
3855,1,0.77,5.5,2.2,0.0,11.0,0,0.0,0.0
121,1,2.1,11.0,3.05,0.0,18.35,0,0.0,0.0
3455,1,13.46,56.74,0.0,0.0,57.54,1,98.8,38.46
418,1,1.4,7.0,2.05,0.0,12.35,0,0.0,0.0
3023,2,1.2,7.5,2.16,0.0,12.96,0,0.0,0.0
4713,1,3.4,18.0,4.26,0.0,25.56,0,0.0,0.0
1835,1,1.67,10.0,0.0,0.0,13.3,1,99.99,83.06
1747,5,7.89,24.0,5.0,0.0,29.8,0,0.0,0.0
3945,2,0.64,5.5,1.96,0.0,11.76,0,0.0,0.0
555,1,1.2,7.5,2.15,0.0,12.95,0,0.0,0.0
6034,1,2.89,14.0,0.0,0.0,15.8,1,99.98,81.58
2457,3,7.77,26.0,5.0,0.0,34.3,0,0.0,0.0
5141,1,1.16,7.5,2.16,0.0,12.96,0,0.0,0.0
3889,1,0.0,2.5,0.0,0.0,3.3,1,99.99,89.55
6025,1,3.46,14.0,0.0,0.0,15.3,1,99.98,81.58
4352,1,2.65,10.0,2.76,0.0,16.56,0,0.0,0.0
5866,2,3.2,16.0,3.9,0.0,23.45,0,0.0,0.0
3751,1,1.34,6.5,2.16,0.0,12.96,0,0.0,0.0
5015,1,0.87,5.5,1.96,0.0,11.76,0,0.0,0.0
4557,1,1.04,6.5,0.0,0.0,9.8,1,99.99,89.19
1652,1,1.32,8.0,2.26,0.0,13.56,0,0.0,0.0
1695,1,8.3,29.5,6.65,0.0,39.95,0,0.0,0.0
5382,1,1.96,9.5,2.66,0.0,15.96,0,0.0,0.0
2392,1,0.7,6.0,1.0,0.0,11.3,0,0.0,0.0
5560,1,7.21,31.5,2.0,0.0,35.3,0,0.0,0.0
3497,2,0.37,3.5,0.0,0.0,7.3,1,99.99,89.55
2210,1,0.7,4.5,0.0,0.0,8.8,1,99.99,89.19
3740,1,1.93,12.0,3.06,0.0,18.36,0,0.0,0.0
4347,2,4.66,18.0,0.0,0.0,21.3,1,99.98,67.65
5658,1,8.77,27.54,0.0,0.0,28.04,1,99.95,41.67
414,3,0.49,3.5,0.0,0.0,7.8,1,99.99,89.55
5285,1,0.89,6.5,1.15,0.0,10.95,0,0.0,0.0
654,1,0.43,6.0,1.86,0.0,11.16,0,0.0,0.0
3795,1,3.13,14.0,2.0,0.0,19.3,0,0.0,0.0
1617,1,8.83,26.5,7.11,5.76,42.67,0,0.0,0.0
2943,1,2.7,16.0,2.0,0.0,21.3,0,0.0,0.0
4325,1,1.9,10.0,2.0,0.0,15.8,0,0.0,0.0
6323,1,1.67,8.5,0.0,0.0,9.3,1,99.99,89.19
589,1,3.5,16.0,2.0,0.0,21.8,0,0.0,0.0
2787,1,1.5,8.5,0.0,0.0,12.3,1,99.99,83.06
2755,0,10.1,39.0,9.6,5.76,57.66,0,0.0,0.0
3408,1,0.5,4.0,1.25,0.0,9.55,0,0.0,0.0
3393,1,3.55,12.0,3.16,0.0,18.96,0,0.0,0.0
6273,1,2.58,9.5,2.7,0.0,13.5,0,0.0,0.0
4643,2,10.67,38.0,9.41,5.76,56.47,0,0.0,0.0
701,1,1.0,5.0,1.85,0.0,11.15,0,0.0,0.0
2550,1,0.58,5.0,1.76,0.0,10.56,0,0.0,0.0
5377,2,1.11,8.5,0.0,0.0,11.8,1,99.99,88.89
1867,0,21.1,52.0,0.0,5.76,65.56,0,29.0,38.46
4471,1,1.92,10.0,2.66,0.0,15.96,0,0.0,0.0
1831,1,1.42,10.5,0.0,0.0,13.8,1,99.99,83.06
6379,2,1.8,9.5,2.16,0.0,12.96,0,0.0,0.0
1971,1,14.06,40.5,0.0,5.76,50.56,1,92.65,38.46
5641,1,4.0,19.0,0.0,0.0,20.8,1,99.98,67.65
110,1,5.7,20.0,4.65,0.0,27.95,0,0.0,0.0
5357,1,0.7,5.0,1.65,0.0,9.95,0,0.0,0.0
2641,1,3.0,13.0,3.45,0.0,20.75,0,0.0,0.0
4418,1,1.54,8.5,3.54,0.0,15.34,0,0.0,0.0
1703,1,1.14,6.0,1.86,0.0,11.16,0,0.0,0.0
4214,1,2.1,11.0,2.85,0.0,17.15,0,0.0,0.0
2880,1,1.7,13.0,3.25,0.0,19.55,0,0.0,0.0
5920,1,2.28,10.0,2.16,0.0,12.96,0,0.0,0.0
6311,1,0.7,4.5,0.0,0.0,5.3,1,99.99,89.55
5192,3,0.72,5.0,2.2,0.0,11.0,0,0.0,0.0
1860,1,0.9,8.5,0.0,0.0,11.8,1,99.99,83.06
2509,1,1.06,9.5,1.0,0.0,13.8,0,0.0,0.0
6330,1,0.75,5.0,0.0,0.0,6.3,1,99.99,89.55
4626,3,2.8,14.0,0.0,0.0,17.8,1,99.98,81.58
3880,1,8.7,27.0,7.41,5.76,44.47,0,0.0,0.0
2873,1,1.76,9.5,1.0,0.0,13.8,0,0.0,0.0
5386,2,1.02,6.5,0.0,0.0,10.3,1,99.99,89.19
107,1,0.78,5.5,1.47,0.0,11.27,0,0.0,0.0
29,1,0.92,12.0,0.0,0.0,15.3,1,99.99,83.06
2792,3,1.1,9.0,2.65,0.0,15.95,0,0.0,0.0
1728,6,1.21,8.0,2.46,0.0,14.76,0,0.0,0.0
751,1,1.42,7.5,1.2,0.0,12.0,0,0.0,0.0
584,1,4.2,15.0,3.75,0.0,22.55,0,0.0,0.0
1220,0,3.1,11.5,3.65,0.0,15.95,0,0.0,0.0
2185,2,1.23,7.5,2.16,0.0,12.96,0,0.0,0.0
4404,1,1.36,10.0,2.66,0.0,15.96,0,0.0,0.0
6112,1,0.86,6.0,0.0,0.0,7.3,1,99.99,89.19
548,6,0.87,5.5,0.0,0.0,9.3,1,99.99,83.06
5826,1,1.1,6.5,0.0,0.0,7.3,1,99.99,89.19
5979,1,1.0,6.5,1.46,0.0,8.76,0,0.0,0.0
2119,1,1.97,11.0,2.96,0.0,17.76,0,0.0,0.0
1743,1,1.4,11.5,1.2,0.0,17.0,0,0.0,0.0
6194,1,0.76,4.5,1.06,0.0,6.36,0,0.0,0.0
6289,1,0.77,5.0,0.0,0.0,6.3,1,99.99,89.55
4505,1,0.8,5.5,1.47,0.0,11.27,0,0.0,0.0
5352,1,5.34,19.0,2.0,0.0,24.8,0,0.0,0.0
3718,1,8.47,26.5,0.0,0.0,29.8,1,99.95,41.67
3951,1,0.76,5.5,1.76,0.0,10.56,0,0.0,0.0
3162,1,1.3,9.0,0.0,0.0,10.8,1,99.99,83.06
4304,3,0.87,5.5,1.0,0.0,10.8,0,0.0,0.0
2316,1,1.66,8.0,0.0,0.0,11.3,1,99.99,83.06
2666,1,0.89,7.0,2.06,0.0,12.36,0,0.0,0.0
1400,1,1.6,10.0,2.5,0.0,16.3,0,0.0,0.0
1817,1,0.6,5.0,1.86,0.0,11.16,0,0.0,0.0
90,5,2.55,16.5,0.0,0.0,19.8,1,99.98,70.37
6066,2,4.45,15.0,0.0,0.0,15.8,1,99.98,81.58
1606,1,0.91,6.0,1.86,0.0,11.16,0,0.0,0.0
3980,1,3.9,13.0,3.35,0.0,20.15,0,0.0,0.0
624,1,0.31,3.0,1.0,0.0,7.3,0,0.0,0.0
69,1,0.55,7.5,1.5,0.0,12.3,0,0.0,0.0
889,2,1.44,8.5,2.36,0.0,14.16,0,0.0,0.0
2805,1,10.99,33.0,8.41,5.76,50.47,0,0.0,0.0
4866,1,1.47,7.5,2.16,0.0,12.96,0,0.0,0.0
4140,1,1.99,8.0,2.26,0.0,13.56,0,0.0,0.0
4222,1,2.37,13.0,3.26,0.0,19.56,0,0.0,0.0
3066,1,3.37,17.5,4.26,0.0,25.56,0,0.0,0.0
947,1,2.2,9.5,3.0,0.0,16.8,0,0.0,0.0
877,1,0.77,5.5,1.0,0.0,9.8,0,0.0,0.0
4672,1,2.1,9.0,0.0,0.0,13.3,1,99.99,83.06
6003,1,3.71,16.5,0.0,0.0,20.55,1,99.98,70.37
293,1,2.3,12.5,3.0,0.0,19.3,0,0.0,0.0
2697,1,3.87,20.0,4.66,0.0,27.96,0,0.0,0.0
445,1,1.3,5.5,0.0,0.0,6.3,1,99.99,89.19
1397,2,0.7,5.5,0.0,0.0,8.8,1,99.99,89.19
1272,1,4.6,16.5,3.95,0.0,23.75,0,0.0,0.0
6224,1,1.08,6.0,0.0,0.0,9.55,1,99.99,89.19
5746,1,1.46,7.0,0.0,0.0,7.8,1,99.99,89.19
3532,1,0.48,5.5,1.86,0.0,11.16,0,0.0,0.0
4483,6,0.0,2.5,0.0,0.0,3.3,1,99.99,89.19
367,1,5.63,18.5,0.0,0.0,21.8,1,99.97,67.65
4510,1,1.5,9.0,5.0,0.0,17.3,0,0.0,0.0
2115,1,13.29,39.5,9.71,5.76,58.27,0,0.0,0.0
5584,2,5.94,35.0,0.0,0.0,35.0,1,99.94,41.67
3541,1,6.3,27.0,7.58,0.0,37.88,0,0.0,0.0
5889,1,2.58,10.0,0.0,0.0,10.8,1,99.99,83.06
3618,1,1.3,9.0,2.0,0.0,14.3,0,0.0,0.0
2615,1,2.0,10.0,2.65,0.0,15.95,0,0.0,0.0
5286,1,0.91,7.5,2.16,0.0,12.96,0,0.0,0.0
2864,5,1.23,5.5,2.94,0.0,12.74,0,0.0,0.0
2114,2,2.73,13.5,3.36,0.0,20.16,0,0.0,0.0
1186,3,10.2,29.0,9.02,5.76,45.08,0,0.0,0.0
4395,1,4.73,15.5,3.76,0.0,22.56,0,0.0,0.0
2929,1,1.59,7.5,2.26,0.0,13.56,0,0.0,0.0
4003,1,2.1,9.0,0.0,0.0,10.3,1,99.99,83.06
4874,2,3.9,15.5,0.0,0.0,19.3,1,99.98,70.37
6290,1,2.0,10.0,2.0,0.0,13.3,0,0.0,0.0
151,3,6.71,34.0,7.46,0.0,44.76,0,0.0,0.0
2439,1,1.6,9.0,0.0,0.0,10.3,1,99.99,83.06
1033,1,0.51,6.0,0.0,0.0,9.3,1,99.99,89.19
